row_id,label,Binary,Count,TF-IDF,GloVe,AG-W2V,NYT-W2V,BERT-64,Count-head64,BERT-512
7236,business,business,business,business,business,business,business,business,business,business
5966,sports,sports,sports,sports,sports,sports,sports,sports,sports,sports
5672,sports,sports,sports,sports,sports,sports,sports,sports,sports,sports
10301,politics,politics,politics,politics,politics,politics,politics,politics,sports,politics
10491,sports,sports,sports,sports,sports,sports,sports,sports,sports,sports
6372,sports,sports,sports,sports,sports,sports,sports,sports,sports,sports
4318,sports,sports,sports,sports,sports,sports,sports,sports,sports,sports
4831,sports,sports,sports,sports,sports,sports,sports,sports,sports,sports
3148,sports,sports,sports,sports,sports,sports,sports,sports,sports,sports
4253,politics,politics,politics,politics,politics,politics,politics,politics,politics,politics
1201,sports,sports,sports,sports,sports,sports,sports,sports,sports,sports
9700,sports,sports,sports,sports,sports,sports,sports,sports,sports,sports
2471,sports,sports,sports,sports,sports,sports,sports,sports,sports,sports
2656,sports,sports,sports,sports,sports,sports,sports,sports,sports,sports
4426,politics,politics,politics,politics,politics,politics,politics,politics,politics,politics
10480,sports,sports,sports,sports,sports,sports,sports,sports,sports,sports
7012,sports,sports,sports,sports,sports,sports,sports,sports,sports,sports
9704,business,business,business,business,business,business,sports,sports,sports,sports
10562,sports,sports,sports,sports,sports,sports,sports,sports,sports,sports
5055,sports,sports,sports,sports,sports,sports,sports,sports,sports,sports
8103,sports,sports,sports,sports,sports,sports,sports,sports,sports,sports
1243,sports,sports,sports,sports,sports,sports,sports,sports,sports,sports
462,sports,sports,sports,sports,sports,sports,sports,sports,sports,sports
10188,sports,sports,sports,sports,sports,sports,sports,sports,sports,sports
6859,sports,sports,sports,sports,sports,sports,sports,sports,sports,sports
2889,sports,sports,sports,sports,sports,sports,sports,sports,sports,sports
5818,sports,sports,sports,sports,sports,sports,sports,sports,sports,sports
5688,sports,sports,sports,sports,sports,sports,sports,sports,sports,sports
6898,politics,politics,politics,politics,politics,politics,politics,politics,politics,politics
4788,sports,sports,sports,sports,sports,sports,sports,sports,sports,sports
4000,sports,sports,sports,sports,sports,sports,sports,sports,sports,sports
1108,sports,sports,sports,sports,sports,sports,sports,sports,sports,sports
3328,politics,politics,politics,politics,politics,politics,politics,politics,politics,politics
10433,politics,politics,politics,politics,politics,politics,politics,politics,politics,politics
260,business,business,business,business,business,business,business,business,business,business
7905,sports,sports,sports,sports,sports,sports,sports,sports,sports,sports
6378,politics,politics,politics,politics,politics,business,politics,politics,sports,politics
4492,politics,politics,politics,politics,politics,politics,politics,politics,politics,politics
1859,sports,sports,sports,sports,sports,sports,sports,sports,sports,sports
6194,business,business,business,business,business,business,business,business,business,business
182,sports,sports,sports,sports,sports,sports,sports,sports,sports,sports
8756,sports,sports,sports,sports,sports,sports,sports,sports,sports,sports
8080,sports,sports,sports,sports,sports,sports,sports,sports,sports,sports
11033,business,business,business,business,business,business,business,business,business,business
5960,sports,sports,sports,sports,sports,sports,sports,sports,sports,sports
4899,sports,sports,sports,sports,sports,sports,sports,sports,sports,sports
1952,sports,sports,sports,sports,sports,sports,sports,sports,sports,sports
10680,politics,politics,politics,politics,politics,politics,politics,politics,politics,politics
5802,sports,sports,sports,sports,sports,sports,sports,sports,sports,sports
5840,business,business,business,business,business,business,business,business,sports,business
6332,politics,politics,business,business,politics,business,politics,politics,politics,politics
8645,sports,sports,sports,sports,sports,sports,sports,sports,sports,sports
651,sports,sports,sports,sports,sports,sports,sports,sports,sports,sports
332,sports,sports,sports,sports,sports,sports,sports,sports,sports,sports
4191,sports,sports,sports,sports,sports,sports,sports,sports,sports,sports
9841,politics,politics,politics,politics,politics,politics,politics,politics,politics,politics
1530,business,business,business,business,business,business,business,business,business,business
1349,business,business,business,business,business,business,business,business,business,business
6283,sports,sports,sports,sports,sports,sports,sports,sports,sports,sports
10502,sports,sports,sports,sports,sports,sports,sports,sports,sports,sports
4503,politics,politics,politics,politics,politics,politics,politics,politics,politics,politics
6121,sports,sports,sports,sports,sports,sports,sports,sports,sports,sports
3076,sports,sports,sports,sports,sports,sports,sports,sports,sports,sports
6022,sports,sports,sports,sports,sports,sports,sports,sports,sports,sports
7129,sports,sports,sports,sports,sports,sports,sports,sports,sports,sports
5410,sports,sports,sports,sports,sports,sports,sports,sports,sports,sports
8646,sports,sports,sports,sports,sports,sports,sports,sports,sports,sports
2358,sports,sports,sports,sports,sports,sports,sports,sports,sports,sports
6153,sports,sports,sports,sports,sports,sports,sports,sports,sports,sports
2253,sports,sports,sports,sports,sports,sports,sports,sports,sports,sports
6531,business,business,politics,business,politics,politics,politics,business,politics,business
5817,politics,politics,politics,politics,politics,politics,politics,politics,politics,politics
3551,sports,sports,sports,sports,sports,sports,sports,sports,sports,sports
613,sports,sports,sports,sports,sports,sports,sports,sports,sports,sports
4494,sports,sports,sports,sports,sports,sports,sports,sports,sports,sports
6877,sports,sports,sports,sports,sports,sports,sports,sports,sports,sports
10348,sports,sports,sports,sports,sports,sports,sports,sports,sports,sports
4822,politics,politics,politics,politics,politics,politics,politics,politics,politics,politics
6291,sports,sports,sports,sports,sports,sports,sports,sports,sports,sports
7261,sports,sports,sports,sports,sports,sports,sports,sports,sports,sports
9190,sports,sports,sports,sports,sports,sports,sports,sports,sports,sports
4648,politics,politics,politics,politics,politics,politics,politics,sports,sports,politics
3136,sports,sports,sports,sports,sports,sports,sports,sports,sports,sports
6039,sports,sports,sports,sports,sports,sports,sports,sports,sports,sports
4287,business,business,business,business,business,business,business,business,sports,business
979,sports,sports,sports,sports,sports,sports,sports,sports,sports,sports
2205,sports,sports,sports,sports,sports,sports,sports,sports,sports,sports
1662,sports,sports,sports,sports,sports,sports,sports,sports,sports,sports
6221,sports,sports,sports,sports,sports,sports,sports,sports,sports,sports
2522,sports,sports,sports,sports,sports,sports,sports,sports,sports,sports
3472,sports,sports,sports,sports,sports,sports,sports,sports,sports,sports
8219,sports,sports,sports,sports,sports,sports,sports,sports,sports,sports
1220,sports,sports,sports,sports,sports,sports,sports,sports,sports,sports
10544,sports,sports,sports,sports,sports,sports,sports,sports,sports,sports
6712,politics,politics,politics,politics,politics,politics,politics,politics,politics,politics
6071,sports,sports,sports,sports,sports,sports,sports,sports,sports,sports
8170,sports,sports,sports,sports,sports,sports,sports,sports,sports,sports
3810,sports,sports,sports,sports,sports,sports,sports,sports,sports,sports
5748,business,business,business,business,business,business,business,business,sports,business
1348,sports,sports,sports,sports,sports,sports,sports,sports,sports,sports
9749,sports,sports,sports,sports,sports,sports,sports,sports,sports,sports
9401,sports,sports,sports,sports,sports,sports,sports,sports,sports,sports
7547,business,business,business,business,business,business,business,business,business,business
9688,sports,sports,sports,sports,sports,sports,sports,sports,sports,sports
4919,business,business,business,business,business,business,business,business,business,business
11082,business,business,business,business,business,business,business,business,business,business
5089,business,business,business,business,business,business,business,business,business,business
8946,sports,sports,sports,sports,sports,sports,sports,sports,sports,sports
7643,sports,sports,sports,sports,sports,sports,sports,sports,sports,sports
7667,sports,sports,sports,sports,sports,sports,sports,sports,sports,sports
4546,sports,sports,sports,sports,sports,sports,sports,sports,sports,sports
8340,sports,sports,sports,sports,sports,sports,sports,sports,sports,sports
7073,sports,sports,sports,sports,sports,sports,sports,sports,sports,sports
6999,business,politics,politics,politics,politics,politics,politics,business,business,politics
3388,sports,sports,sports,sports,sports,sports,sports,sports,sports,sports
4571,sports,sports,sports,sports,sports,sports,sports,sports,sports,sports
10304,politics,politics,politics,politics,politics,politics,politics,politics,politics,politics
10196,business,business,business,business,business,business,business,politics,business,politics
853,sports,sports,sports,sports,sports,sports,sports,sports,sports,sports
74,sports,sports,sports,sports,sports,sports,sports,sports,sports,sports
6292,sports,sports,sports,sports,sports,sports,sports,sports,sports,sports
11272,sports,sports,sports,sports,sports,sports,sports,sports,sports,sports
10128,sports,sports,sports,sports,sports,sports,sports,sports,sports,sports
8028,sports,sports,sports,sports,sports,sports,sports,sports,sports,sports
4488,business,business,business,business,business,business,business,business,business,business
9807,business,business,business,business,business,business,business,business,business,business
4339,politics,politics,politics,politics,politics,politics,politics,politics,politics,politics
8729,sports,sports,sports,sports,sports,sports,sports,sports,sports,sports
11119,sports,sports,sports,sports,sports,sports,sports,sports,sports,sports
2109,sports,sports,sports,sports,sports,sports,sports,sports,sports,sports
6640,sports,sports,sports,sports,sports,sports,sports,sports,sports,sports
2538,sports,sports,sports,sports,sports,sports,sports,sports,sports,sports
8562,sports,sports,sports,sports,sports,sports,sports,sports,sports,sports
5370,sports,sports,sports,sports,sports,sports,sports,sports,sports,sports
1369,sports,sports,sports,sports,sports,sports,sports,sports,sports,sports
9571,sports,sports,sports,sports,sports,sports,sports,sports,sports,sports
10739,sports,sports,sports,sports,sports,sports,sports,sports,sports,sports
208,sports,sports,sports,sports,sports,sports,sports,sports,sports,sports
9580,politics,politics,politics,politics,politics,politics,politics,politics,politics,politics
4080,sports,sports,sports,sports,sports,sports,sports,sports,sports,sports
7576,sports,sports,sports,sports,sports,sports,sports,sports,sports,sports
7741,sports,sports,sports,sports,sports,sports,sports,sports,sports,sports
8385,sports,sports,sports,sports,sports,sports,sports,sports,sports,sports
6801,sports,sports,sports,sports,sports,sports,sports,sports,sports,sports
8152,business,business,business,business,business,business,business,business,business,business
10889,sports,sports,sports,sports,sports,sports,sports,sports,sports,sports
4758,sports,sports,sports,sports,sports,sports,sports,sports,sports,sports
10419,politics,politics,business,politics,politics,politics,politics,politics,politics,politics
4972,sports,sports,sports,sports,sports,sports,sports,sports,sports,sports
4680,sports,sports,sports,sports,sports,sports,sports,sports,sports,sports
5136,sports,sports,sports,sports,sports,sports,sports,sports,sports,sports
10766,politics,politics,politics,politics,politics,politics,politics,politics,politics,politics
6959,sports,sports,sports,sports,sports,sports,sports,sports,sports,sports
6966,politics,politics,politics,politics,politics,politics,politics,sports,sports,politics
3530,sports,sports,sports,sports,sports,sports,sports,sports,sports,sports
8887,sports,sports,sports,sports,sports,sports,sports,sports,sports,sports
2849,politics,politics,politics,politics,politics,business,politics,business,business,politics
3456,politics,politics,politics,politics,politics,politics,politics,politics,politics,politics
3977,sports,sports,sports,sports,sports,sports,sports,sports,sports,sports
2676,business,business,business,business,business,business,business,business,business,business
5617,business,business,business,business,business,business,business,business,business,business
7750,sports,sports,sports,sports,sports,sports,sports,sports,sports,sports
200,sports,sports,sports,sports,sports,sports,sports,sports,sports,sports
2180,sports,sports,sports,sports,sports,sports,sports,sports,sports,sports
9653,sports,sports,sports,sports,sports,sports,sports,sports,sports,sports
5413,sports,sports,sports,sports,sports,sports,sports,sports,sports,sports
6445,sports,sports,sports,sports,sports,sports,sports,sports,sports,sports
5209,sports,sports,sports,sports,sports,sports,sports,sports,sports,sports
7447,sports,sports,sports,sports,sports,sports,sports,politics,politics,sports
3524,business,business,business,business,business,business,business,business,business,business
4761,sports,sports,sports,sports,sports,sports,sports,sports,sports,sports
2360,sports,sports,sports,sports,sports,sports,sports,sports,sports,sports
4574,sports,sports,sports,sports,sports,sports,sports,sports,sports,sports
6601,politics,politics,politics,politics,politics,politics,politics,politics,politics,politics
4915,sports,sports,sports,sports,sports,sports,sports,sports,sports,sports
1667,sports,sports,sports,sports,sports,sports,sports,sports,sports,sports
2181,sports,sports,sports,sports,sports,sports,sports,sports,sports,sports
8220,business,business,business,business,business,business,business,business,business,business
5153,sports,sports,sports,sports,sports,sports,sports,sports,sports,sports
8944,sports,sports,sports,sports,sports,sports,sports,sports,sports,sports
11235,politics,politics,politics,politics,politics,politics,politics,politics,politics,politics
2354,business,business,business,business,business,business,business,business,business,business
1595,sports,sports,sports,sports,sports,sports,sports,sports,sports,sports
2918,sports,sports,sports,sports,sports,sports,sports,sports,sports,sports
9075,sports,sports,sports,sports,sports,sports,sports,sports,sports,sports
8075,sports,sports,sports,sports,sports,sports,sports,sports,sports,sports
1365,business,business,business,business,business,business,business,business,business,business
5536,sports,sports,sports,sports,sports,sports,sports,sports,sports,sports
7479,business,business,business,business,business,business,business,business,business,business
10116,sports,sports,sports,sports,sports,sports,sports,sports,sports,sports
496,sports,sports,sports,sports,sports,sports,sports,sports,sports,sports
7915,politics,politics,politics,politics,politics,politics,politics,politics,politics,politics
2573,sports,sports,sports,sports,sports,sports,sports,sports,sports,sports
826,sports,sports,sports,sports,sports,sports,sports,sports,sports,sports
1764,business,business,business,business,business,business,business,business,business,business
6066,sports,sports,sports,sports,sports,sports,sports,sports,sports,sports
7396,sports,sports,sports,sports,sports,sports,sports,sports,sports,sports
11124,sports,sports,sports,sports,sports,sports,sports,sports,sports,sports
5972,sports,sports,sports,sports,sports,sports,sports,sports,sports,sports
4300,sports,sports,sports,sports,sports,sports,sports,sports,sports,sports
6341,sports,sports,sports,sports,sports,sports,sports,sports,sports,sports
3257,sports,sports,sports,sports,sports,sports,sports,sports,sports,sports
9374,sports,sports,sports,sports,sports,sports,sports,sports,sports,sports
8882,sports,sports,sports,sports,sports,sports,sports,sports,sports,sports
9684,business,business,business,business,business,business,business,business,business,business
161,sports,sports,sports,sports,sports,sports,sports,sports,sports,sports
478,sports,sports,sports,sports,sports,sports,sports,sports,sports,sports
29,sports,sports,sports,sports,sports,sports,sports,sports,sports,sports
4417,politics,politics,politics,politics,politics,politics,politics,politics,politics,politics
3009,sports,sports,sports,sports,sports,sports,sports,sports,sports,sports
8210,sports,sports,sports,sports,sports,sports,sports,sports,sports,sports
9447,sports,sports,sports,sports,sports,sports,sports,sports,sports,sports
825,sports,sports,sports,sports,sports,sports,sports,sports,sports,sports
884,business,business,business,business,business,business,business,business,business,business
2613,business,business,business,business,business,business,business,business,business,business
8092,sports,sports,sports,sports,sports,sports,sports,sports,sports,sports
10735,sports,sports,sports,sports,sports,sports,sports,sports,sports,sports
9312,politics,sports,politics,politics,politics,sports,sports,business,business,politics
1886,sports,sports,sports,sports,sports,sports,sports,sports,sports,sports
3274,politics,politics,politics,politics,politics,politics,politics,politics,politics,politics
8981,politics,politics,politics,politics,politics,politics,politics,politics,politics,politics
8439,sports,sports,sports,sports,sports,sports,sports,sports,sports,sports
2927,business,business,business,business,business,business,business,business,business,business
1989,politics,politics,politics,politics,politics,politics,politics,politics,politics,politics
10956,sports,sports,sports,sports,sports,sports,sports,sports,sports,sports
6992,sports,sports,sports,sports,sports,sports,sports,sports,sports,sports
7263,sports,sports,sports,sports,sports,sports,sports,sports,sports,sports
368,sports,sports,sports,sports,sports,sports,sports,sports,sports,sports
3770,sports,sports,sports,sports,sports,sports,sports,sports,sports,sports
7497,business,business,business,business,business,business,business,politics,politics,business
350,sports,sports,sports,sports,sports,sports,sports,sports,sports,sports
3619,sports,sports,sports,sports,sports,sports,sports,sports,sports,sports
3555,business,business,business,business,business,business,business,business,business,business
10504,sports,sports,sports,sports,sports,sports,sports,sports,sports,sports
2015,sports,sports,sports,sports,sports,sports,sports,sports,sports,sports
7158,sports,sports,sports,sports,sports,sports,sports,sports,sports,sports
10588,sports,sports,sports,sports,sports,sports,sports,sports,sports,sports
2911,sports,sports,sports,sports,sports,sports,sports,sports,sports,sports
9139,politics,politics,politics,politics,politics,politics,politics,politics,politics,politics
3385,sports,sports,sports,sports,sports,sports,sports,sports,sports,sports
209,business,business,business,business,business,business,business,business,business,business
3340,sports,sports,sports,sports,sports,sports,sports,sports,sports,sports
6700,sports,sports,sports,sports,sports,sports,sports,sports,sports,sports
2634,sports,sports,sports,sports,sports,sports,sports,sports,sports,sports
10423,politics,politics,politics,politics,politics,politics,politics,politics,politics,politics
9355,politics,politics,politics,politics,politics,politics,politics,politics,politics,politics
2811,sports,sports,sports,sports,sports,sports,sports,sports,sports,sports
4885,sports,sports,sports,sports,sports,sports,sports,sports,sports,sports
7092,politics,politics,politics,politics,politics,politics,politics,politics,politics,politics
6744,sports,sports,sports,sports,sports,sports,sports,sports,sports,sports
9392,business,business,business,business,business,business,business,business,business,business
3630,sports,sports,sports,sports,sports,sports,sports,sports,sports,sports
10610,sports,sports,sports,sports,sports,sports,sports,sports,sports,sports
9569,sports,sports,sports,sports,sports,sports,sports,sports,sports,sports
6468,sports,sports,sports,sports,sports,sports,sports,sports,sports,sports
7988,business,business,business,business,business,business,business,business,business,business
7838,politics,politics,politics,politics,politics,politics,politics,politics,politics,politics
11096,business,business,business,business,business,business,business,business,business,business
328,sports,sports,sports,sports,sports,sports,sports,sports,sports,sports
3302,sports,sports,sports,sports,sports,sports,sports,sports,sports,sports
10428,sports,sports,sports,sports,sports,sports,sports,sports,sports,sports
2460,sports,sports,sports,sports,sports,sports,sports,sports,sports,sports
6688,business,sports,sports,business,business,sports,business,business,business,business
6035,business,business,business,business,business,business,business,business,business,business
1917,sports,sports,sports,sports,sports,sports,sports,sports,sports,sports
9702,business,business,business,business,business,business,business,business,politics,business
10332,politics,politics,politics,politics,politics,business,politics,politics,politics,politics
5240,sports,sports,sports,sports,sports,sports,sports,sports,sports,sports
5340,sports,sports,sports,sports,sports,sports,sports,sports,sports,sports
2474,sports,sports,sports,sports,sports,sports,sports,sports,sports,sports
1853,sports,sports,sports,sports,sports,sports,sports,sports,sports,sports
1373,sports,sports,sports,sports,sports,sports,sports,sports,sports,sports
10039,sports,sports,sports,sports,sports,sports,sports,sports,sports,sports
4819,sports,sports,sports,sports,sports,sports,sports,sports,sports,sports
4575,sports,sports,sports,sports,sports,sports,sports,sports,sports,sports
11341,sports,sports,sports,sports,sports,sports,sports,sports,sports,sports
2329,sports,sports,sports,sports,sports,sports,sports,sports,sports,sports
4508,sports,sports,sports,sports,politics,sports,sports,sports,sports,sports
594,sports,sports,sports,sports,sports,sports,sports,sports,sports,sports
1632,sports,sports,sports,sports,sports,sports,sports,sports,sports,sports
6649,sports,sports,sports,sports,sports,sports,sports,sports,sports,sports
7945,sports,sports,sports,sports,sports,sports,sports,sports,sports,sports
9851,sports,sports,sports,sports,sports,sports,sports,sports,sports,sports
7544,sports,sports,sports,sports,sports,sports,sports,sports,sports,sports
2260,sports,sports,sports,sports,sports,sports,sports,sports,sports,sports
4735,sports,sports,sports,sports,sports,sports,sports,sports,sports,sports
2900,business,business,business,business,business,business,business,business,sports,business
4258,politics,politics,politics,politics,politics,politics,politics,sports,sports,politics
5446,politics,politics,politics,politics,politics,politics,politics,politics,politics,politics
2892,sports,sports,sports,sports,sports,sports,sports,sports,sports,sports
1712,sports,sports,sports,sports,sports,sports,sports,sports,sports,sports
1995,politics,politics,politics,politics,politics,politics,politics,politics,politics,politics
4196,sports,sports,sports,sports,sports,sports,sports,sports,sports,sports
3120,politics,politics,politics,politics,politics,politics,politics,politics,politics,politics
7815,sports,sports,sports,sports,sports,sports,sports,sports,sports,sports
3135,sports,sports,sports,sports,sports,sports,sports,sports,sports,sports
5682,business,business,business,business,business,business,business,business,business,business
4113,business,politics,politics,politics,politics,politics,politics,politics,politics,politics
5790,politics,politics,politics,politics,politics,politics,politics,politics,politics,politics
2834,sports,sports,sports,sports,sports,sports,sports,sports,sports,sports
6826,sports,sports,sports,sports,sports,sports,sports,sports,sports,sports
2702,sports,sports,sports,sports,sports,sports,sports,sports,sports,sports
9859,sports,sports,sports,sports,sports,sports,sports,sports,sports,sports
6146,sports,sports,sports,sports,sports,sports,sports,sports,sports,sports
7511,sports,sports,sports,sports,sports,sports,sports,sports,sports,sports
10977,sports,sports,sports,sports,sports,sports,sports,sports,sports,sports
1597,sports,sports,sports,sports,sports,sports,sports,sports,sports,sports
9890,politics,politics,politics,politics,politics,politics,politics,politics,sports,politics
9664,sports,sports,sports,sports,sports,sports,sports,sports,sports,sports
4629,sports,sports,sports,sports,sports,sports,sports,sports,sports,sports
5837,sports,sports,sports,sports,sports,sports,sports,sports,sports,sports
5976,sports,sports,sports,sports,sports,sports,sports,sports,sports,sports
1899,sports,sports,sports,sports,sports,sports,sports,sports,sports,sports
7955,politics,politics,politics,politics,politics,politics,politics,politics,politics,politics
7644,sports,sports,sports,sports,sports,sports,sports,sports,sports,sports
11220,sports,sports,sports,sports,sports,sports,sports,sports,sports,sports
3808,sports,sports,sports,sports,sports,sports,sports,sports,sports,sports
1986,sports,sports,sports,sports,sports,sports,sports,sports,sports,sports
6,sports,sports,sports,sports,sports,sports,sports,sports,sports,sports
3064,sports,sports,sports,sports,sports,sports,sports,sports,sports,sports
7753,politics,politics,politics,politics,politics,politics,politics,politics,politics,politics
10021,sports,sports,sports,sports,sports,sports,sports,sports,sports,sports
9907,sports,sports,sports,sports,sports,sports,sports,sports,sports,sports
9576,sports,sports,sports,sports,sports,sports,sports,sports,sports,sports
4477,business,business,business,business,business,business,business,business,business,business
3622,sports,sports,sports,sports,sports,sports,sports,sports,sports,sports
3779,sports,sports,sports,sports,sports,sports,sports,sports,sports,sports
10713,sports,sports,sports,sports,sports,sports,sports,sports,sports,sports
7859,politics,politics,politics,politics,politics,politics,politics,politics,politics,politics
8423,sports,sports,sports,sports,sports,sports,sports,sports,sports,sports
3408,sports,sports,sports,sports,sports,sports,sports,sports,sports,sports
2293,sports,sports,sports,sports,sports,sports,sports,sports,sports,sports
7487,sports,sports,sports,sports,sports,sports,sports,sports,sports,sports
10540,sports,sports,sports,sports,sports,sports,sports,sports,sports,sports
6309,sports,sports,sports,sports,sports,sports,sports,sports,sports,sports
4198,business,business,business,business,business,business,business,business,business,business
8281,sports,sports,sports,sports,sports,sports,sports,business,business,sports
7467,sports,sports,sports,sports,sports,sports,sports,sports,sports,sports
8731,business,business,business,business,business,business,business,business,sports,business
8119,sports,sports,sports,sports,sports,sports,sports,sports,sports,sports
7837,sports,sports,sports,sports,sports,sports,sports,sports,sports,sports
1143,sports,sports,sports,sports,sports,sports,sports,sports,sports,sports
1670,sports,sports,sports,sports,sports,sports,sports,sports,sports,sports
8508,sports,sports,sports,sports,sports,sports,sports,sports,sports,sports
10630,sports,sports,sports,sports,sports,sports,sports,sports,sports,sports
9953,sports,sports,sports,sports,sports,sports,sports,sports,sports,sports
1481,sports,sports,sports,sports,sports,sports,sports,sports,sports,sports
5113,sports,sports,sports,sports,sports,sports,sports,sports,sports,sports
6162,sports,sports,sports,sports,sports,sports,sports,sports,sports,sports
11471,sports,sports,sports,sports,sports,sports,sports,sports,sports,sports
8344,politics,politics,politics,politics,politics,politics,politics,politics,politics,politics
456,sports,sports,sports,sports,sports,sports,sports,sports,sports,sports
236,sports,sports,sports,sports,sports,sports,sports,sports,sports,sports
11193,business,business,business,business,business,business,business,business,business,business
8109,sports,sports,sports,sports,sports,sports,sports,sports,sports,sports
1792,business,business,business,business,business,business,business,business,business,business
9951,sports,sports,sports,sports,sports,sports,sports,sports,sports,sports
11514,sports,sports,sports,sports,sports,sports,sports,sports,sports,sports
10357,politics,politics,politics,politics,politics,politics,politics,politics,politics,politics
5250,sports,sports,sports,sports,sports,sports,sports,sports,sports,sports
4093,sports,sports,sports,sports,sports,sports,sports,sports,sports,sports
3047,sports,sports,sports,sports,sports,sports,sports,sports,sports,sports
388,sports,sports,sports,sports,sports,sports,sports,sports,sports,sports
1009,sports,sports,sports,sports,sports,sports,sports,sports,sports,sports
119,business,business,business,business,business,business,business,business,business,business
9666,sports,sports,sports,sports,sports,sports,sports,sports,sports,sports
5134,sports,sports,sports,sports,sports,sports,sports,sports,sports,sports
9591,sports,sports,sports,sports,sports,sports,sports,sports,sports,sports
842,sports,sports,sports,sports,sports,sports,sports,sports,sports,sports
2436,business,business,business,business,business,business,business,business,business,business
8076,sports,sports,sports,sports,sports,sports,sports,sports,sports,sports
1281,sports,sports,sports,sports,sports,sports,sports,sports,sports,sports
2556,sports,sports,sports,sports,sports,sports,sports,sports,sports,sports
5576,sports,sports,sports,sports,sports,sports,sports,sports,sports,sports
4448,sports,sports,sports,sports,sports,sports,sports,sports,sports,sports
10137,sports,sports,sports,sports,sports,sports,sports,sports,sports,sports
5683,sports,sports,sports,sports,sports,sports,sports,sports,sports,sports
5106,business,business,business,business,business,business,business,business,business,business
1813,sports,sports,sports,sports,sports,sports,sports,sports,sports,sports
6511,sports,sports,sports,sports,sports,sports,sports,sports,sports,sports
1580,sports,sports,sports,sports,sports,sports,sports,sports,sports,sports
4646,sports,sports,sports,sports,sports,sports,sports,sports,sports,sports
9553,business,business,business,business,business,business,business,business,business,business
6254,politics,politics,politics,politics,politics,politics,politics,politics,politics,politics
9199,sports,sports,sports,sports,sports,sports,sports,sports,sports,sports
6551,sports,sports,sports,sports,sports,sports,sports,politics,sports,sports
1190,sports,sports,sports,sports,sports,sports,sports,sports,sports,sports
1848,sports,sports,sports,sports,sports,sports,sports,sports,sports,sports
7042,sports,sports,sports,sports,sports,sports,sports,sports,sports,sports
615,sports,sports,sports,sports,sports,sports,sports,sports,sports,sports
11250,sports,sports,sports,sports,sports,sports,sports,sports,sports,sports
1151,sports,sports,sports,sports,sports,sports,sports,sports,sports,sports
4277,politics,politics,politics,politics,politics,politics,politics,politics,politics,politics
11335,sports,sports,sports,sports,sports,sports,sports,sports,sports,sports
2413,sports,sports,sports,sports,sports,sports,sports,sports,sports,sports
9036,sports,sports,sports,sports,sports,sports,sports,sports,sports,sports
4969,sports,sports,sports,sports,sports,sports,sports,sports,sports,sports
507,sports,sports,sports,sports,sports,sports,sports,sports,sports,sports
4965,sports,sports,sports,sports,sports,sports,sports,sports,sports,sports
4921,sports,sports,sports,sports,sports,sports,sports,sports,sports,sports
9054,sports,sports,sports,sports,sports,sports,sports,sports,sports,sports
11075,sports,sports,sports,sports,sports,sports,sports,sports,sports,sports
8816,business,business,business,business,business,business,business,business,business,business
6141,sports,sports,sports,sports,sports,sports,sports,sports,sports,sports
10803,sports,sports,sports,sports,sports,sports,sports,sports,sports,sports
7620,sports,sports,sports,sports,sports,sports,sports,sports,sports,sports
3800,business,business,business,business,business,business,business,business,business,business
3479,sports,sports,sports,sports,sports,sports,sports,sports,sports,sports
8477,sports,sports,sports,sports,sports,sports,sports,sports,sports,sports
4478,business,business,business,business,business,business,business,business,business,business
3308,sports,sports,sports,sports,sports,sports,sports,sports,sports,sports
2494,sports,sports,sports,sports,sports,sports,sports,sports,sports,sports
4249,sports,sports,sports,sports,sports,sports,sports,sports,sports,sports
2210,sports,sports,sports,sports,sports,sports,sports,sports,sports,sports
562,sports,sports,sports,sports,sports,sports,sports,sports,sports,sports
4536,sports,sports,sports,sports,sports,sports,sports,sports,sports,sports
10461,sports,sports,sports,sports,sports,sports,sports,sports,sports,sports
7323,sports,sports,sports,sports,sports,sports,sports,sports,sports,sports
8648,sports,sports,sports,sports,sports,sports,sports,sports,sports,sports
10939,sports,sports,sports,sports,sports,sports,sports,sports,sports,sports
9970,politics,politics,politics,politics,politics,politics,politics,politics,politics,politics
1483,sports,sports,sports,sports,sports,sports,sports,sports,sports,sports
4759,sports,sports,sports,sports,sports,sports,sports,sports,sports,sports
5647,sports,sports,sports,sports,sports,sports,sports,sports,sports,sports
5640,sports,sports,sports,sports,sports,sports,sports,sports,sports,sports
86,sports,sports,sports,sports,sports,sports,sports,sports,sports,sports
11106,business,business,business,business,business,business,business,business,business,business
58,sports,sports,sports,sports,sports,sports,sports,sports,sports,sports
9016,sports,sports,sports,sports,sports,sports,sports,sports,sports,sports
582,sports,sports,sports,sports,sports,sports,sports,sports,sports,sports
7095,sports,sports,sports,sports,sports,sports,sports,sports,sports,sports
7033,sports,sports,sports,sports,sports,sports,sports,sports,sports,sports
1500,business,business,business,business,business,business,business,business,business,business
6586,politics,politics,politics,politics,politics,politics,politics,politics,politics,politics
8841,sports,sports,sports,sports,sports,sports,sports,sports,sports,sports
9644,business,business,business,business,business,business,business,business,business,business
10061,politics,politics,politics,politics,politics,politics,politics,politics,politics,politics
11048,business,business,business,business,business,business,sports,business,business,business
6695,sports,sports,sports,sports,sports,sports,sports,sports,sports,sports
1862,sports,sports,sports,sports,sports,sports,sports,sports,sports,sports
1502,business,business,business,business,business,business,business,business,business,business
7099,politics,politics,politics,politics,politics,politics,politics,politics,politics,politics
6448,sports,sports,sports,sports,sports,sports,sports,sports,sports,sports
9484,sports,sports,sports,sports,sports,sports,sports,sports,sports,sports
4359,politics,politics,politics,politics,politics,politics,politics,politics,politics,politics
9381,sports,sports,sports,sports,sports,sports,sports,sports,sports,sports
2389,sports,sports,sports,sports,sports,sports,sports,sports,sports,sports
8573,sports,sports,sports,sports,sports,sports,sports,sports,sports,sports
2463,sports,sports,sports,sports,sports,sports,sports,sports,sports,sports
11337,sports,sports,sports,sports,sports,sports,sports,sports,sports,sports
21,sports,sports,sports,sports,sports,sports,sports,sports,sports,sports
4632,politics,politics,politics,politics,politics,politics,politics,politics,politics,politics
4176,sports,sports,sports,sports,sports,sports,sports,sports,sports,sports
4898,sports,sports,sports,sports,sports,sports,sports,sports,politics,sports
9325,sports,sports,sports,sports,sports,sports,sports,sports,sports,sports
726,sports,sports,sports,sports,sports,sports,sports,sports,sports,sports
9358,sports,sports,sports,sports,sports,sports,sports,sports,sports,sports
10860,sports,sports,sports,sports,sports,sports,sports,sports,sports,sports
7608,sports,sports,sports,sports,sports,sports,sports,sports,sports,sports
8907,sports,sports,sports,sports,sports,sports,sports,sports,sports,sports
452,sports,sports,sports,sports,sports,sports,sports,sports,sports,sports
6109,sports,sports,sports,sports,sports,sports,sports,sports,sports,sports
6497,sports,sports,sports,sports,sports,sports,sports,sports,sports,sports
4609,politics,politics,politics,politics,politics,politics,politics,politics,politics,politics
6168,sports,sports,sports,sports,sports,sports,sports,sports,sports,sports
7048,sports,sports,sports,sports,sports,sports,sports,sports,sports,sports
2620,business,business,business,business,business,business,business,business,business,business
3191,sports,sports,sports,sports,sports,sports,sports,sports,politics,sports
1797,sports,sports,sports,sports,sports,sports,sports,sports,sports,sports
885,business,business,business,business,business,business,business,business,business,business
565,sports,sports,sports,sports,sports,sports,sports,sports,sports,sports
1593,sports,sports,sports,sports,sports,sports,sports,sports,sports,sports
9800,sports,sports,sports,sports,sports,sports,sports,sports,sports,sports
2592,sports,sports,sports,sports,sports,sports,sports,sports,sports,sports
6878,business,business,politics,politics,politics,politics,politics,politics,politics,politics
9846,sports,sports,sports,sports,sports,sports,sports,sports,sports,sports
5038,sports,sports,sports,sports,sports,sports,sports,sports,sports,sports
9809,sports,sports,sports,sports,sports,sports,sports,sports,sports,sports
382,sports,sports,sports,sports,sports,sports,sports,sports,sports,sports
9021,sports,sports,sports,sports,sports,sports,sports,sports,sports,sports
4115,sports,sports,sports,sports,sports,sports,sports,sports,sports,sports
4094,sports,sports,sports,sports,sports,sports,sports,sports,sports,sports
7925,sports,sports,sports,sports,sports,sports,sports,sports,sports,sports
6731,politics,politics,politics,politics,politics,politics,politics,politics,politics,politics
1229,sports,sports,sports,sports,sports,sports,sports,sports,sports,sports
9159,sports,sports,sports,sports,sports,sports,sports,sports,sports,sports
2721,sports,sports,sports,sports,sports,sports,sports,sports,sports,sports
3007,sports,sports,sports,sports,sports,sports,sports,sports,sports,sports
11498,business,business,business,business,business,business,business,business,business,business
1291,sports,sports,sports,sports,sports,sports,sports,sports,sports,sports
5165,business,business,business,politics,politics,business,business,business,business,politics
5103,sports,sports,sports,sports,sports,sports,sports,sports,sports,sports
3620,sports,sports,sports,sports,sports,sports,sports,sports,sports,sports
5046,sports,sports,sports,sports,sports,sports,sports,sports,sports,sports
2976,sports,sports,sports,sports,sports,sports,sports,sports,sports,sports
11407,sports,sports,sports,sports,sports,sports,sports,sports,sports,sports
3850,politics,politics,politics,politics,politics,politics,politics,politics,politics,politics
5275,business,politics,business,business,business,business,business,business,business,business
2470,sports,sports,sports,sports,sports,sports,sports,sports,sports,sports
4778,business,business,business,business,business,business,business,business,business,business
7226,sports,sports,sports,sports,sports,sports,sports,sports,sports,sports
1374,sports,sports,sports,sports,sports,sports,sports,sports,sports,sports
5059,politics,politics,politics,politics,politics,politics,politics,politics,politics,politics
1562,sports,sports,sports,sports,sports,sports,sports,sports,sports,sports
6007,sports,sports,sports,sports,sports,sports,sports,sports,sports,sports
10902,sports,sports,sports,sports,sports,sports,sports,sports,sports,sports
8575,sports,sports,sports,sports,sports,sports,sports,sports,sports,sports
4925,politics,politics,politics,politics,politics,politics,politics,politics,politics,politics
4526,sports,sports,sports,sports,sports,sports,sports,sports,sports,sports
7829,sports,sports,sports,sports,sports,sports,sports,sports,sports,sports
3581,sports,sports,sports,sports,sports,sports,sports,sports,sports,sports
4109,sports,sports,sports,sports,sports,sports,sports,sports,sports,sports
6178,sports,sports,sports,sports,sports,sports,sports,sports,sports,sports
9471,sports,sports,sports,sports,sports,sports,sports,sports,sports,sports
11223,business,business,business,business,business,politics,business,business,business,business
2615,sports,sports,sports,sports,sports,sports,sports,sports,sports,sports
504,sports,sports,sports,sports,sports,sports,sports,sports,sports,sports
323,business,business,business,business,business,business,business,business,business,business
5289,sports,sports,sports,sports,sports,sports,sports,sports,sports,sports
9949,business,business,business,business,business,business,business,business,business,business
10231,politics,politics,politics,politics,politics,politics,politics,politics,business,politics
6890,sports,sports,sports,sports,sports,sports,sports,sports,sports,sports
3638,politics,politics,politics,politics,politics,politics,politics,politics,politics,politics
5255,sports,sports,sports,sports,sports,sports,sports,sports,sports,sports
4263,sports,sports,sports,sports,sports,sports,sports,sports,sports,sports
8666,sports,sports,sports,sports,sports,sports,sports,sports,sports,sports
7717,sports,sports,sports,sports,sports,sports,sports,sports,sports,sports
8235,sports,sports,sports,sports,sports,sports,sports,sports,sports,sports
2707,sports,sports,sports,sports,sports,sports,sports,sports,sports,sports
5092,sports,sports,sports,sports,politics,sports,sports,sports,sports,sports
2515,sports,sports,sports,sports,sports,sports,sports,sports,sports,sports
1333,sports,sports,sports,sports,sports,sports,sports,sports,sports,sports
11394,business,business,business,business,business,business,business,business,business,business
10029,politics,politics,politics,politics,politics,politics,politics,politics,politics,politics
2415,sports,sports,sports,sports,sports,sports,sports,sports,sports,sports
2797,sports,sports,sports,sports,sports,sports,sports,sports,sports,sports
5021,politics,politics,politics,politics,politics,politics,politics,politics,politics,politics
8161,sports,sports,sports,sports,sports,sports,sports,sports,sports,sports
7403,sports,sports,sports,sports,sports,sports,sports,sports,sports,sports
7,sports,sports,sports,sports,sports,sports,sports,sports,sports,sports
454,business,business,business,business,business,business,business,business,business,business
10842,sports,sports,sports,sports,sports,sports,sports,sports,sports,sports
7191,sports,sports,sports,sports,sports,sports,sports,sports,sports,sports
4305,sports,sports,sports,sports,sports,sports,sports,sports,sports,sports
3606,politics,politics,politics,politics,politics,politics,politics,politics,politics,politics
7970,politics,politics,politics,politics,politics,politics,politics,politics,politics,politics
5824,sports,sports,sports,sports,sports,sports,sports,sports,sports,sports
6237,sports,sports,sports,sports,sports,sports,sports,sports,sports,sports
10314,sports,sports,sports,sports,sports,sports,sports,sports,sports,sports
5469,sports,sports,sports,sports,sports,sports,sports,sports,sports,sports
10004,sports,sports,sports,sports,sports,sports,sports,sports,sports,sports
3266,sports,sports,sports,sports,sports,sports,sports,sports,sports,sports
3565,politics,politics,politics,politics,politics,politics,politics,politics,politics,politics
1107,sports,sports,sports,sports,sports,sports,sports,sports,sports,sports
7388,sports,sports,sports,sports,sports,sports,sports,sports,sports,sports
11019,business,business,business,business,business,business,business,business,business,business
3393,sports,sports,sports,sports,sports,sports,sports,sports,sports,sports
6827,sports,sports,sports,sports,sports,sports,sports,sports,sports,sports
954,sports,sports,sports,sports,sports,sports,sports,sports,sports,sports
3646,politics,politics,politics,politics,politics,politics,politics,politics,politics,politics
8968,sports,sports,sports,sports,sports,sports,sports,sports,sports,sports
1296,business,business,business,business,business,business,business,business,business,business
10765,sports,sports,sports,sports,sports,sports,sports,sports,sports,sports
7365,sports,sports,sports,sports,sports,sports,sports,sports,sports,sports
4634,sports,sports,sports,sports,sports,sports,sports,sports,sports,sports
2772,sports,sports,sports,sports,sports,sports,sports,sports,sports,sports
3682,sports,sports,sports,sports,sports,sports,sports,sports,sports,sports
2945,sports,sports,sports,sports,sports,sports,sports,sports,sports,sports
8224,politics,politics,politics,politics,politics,politics,politics,sports,politics,politics
10161,politics,politics,politics,politics,politics,politics,politics,politics,sports,politics
9331,sports,sports,sports,sports,sports,sports,sports,sports,sports,sports
10543,politics,politics,politics,politics,politics,politics,politics,politics,sports,politics
9974,sports,sports,sports,sports,sports,sports,sports,sports,sports,sports
11202,sports,sports,sports,sports,sports,sports,sports,sports,sports,sports
6429,sports,sports,sports,sports,sports,sports,sports,sports,sports,sports
629,business,business,business,business,business,business,business,business,business,business
858,sports,sports,sports,sports,sports,sports,sports,sports,sports,sports
3851,sports,sports,sports,sports,sports,sports,sports,sports,sports,sports
7475,politics,politics,politics,politics,politics,politics,politics,politics,politics,politics
7009,politics,politics,business,business,business,business,business,business,business,politics
6617,business,business,business,business,business,business,business,business,business,business
5643,politics,politics,politics,politics,politics,politics,politics,politics,politics,politics
8538,politics,politics,politics,politics,politics,politics,politics,politics,politics,politics
3298,sports,sports,sports,sports,sports,sports,sports,sports,sports,sports
8936,sports,sports,sports,sports,sports,sports,sports,sports,sports,sports
9821,politics,politics,politics,politics,politics,politics,politics,business,politics,politics
9437,sports,sports,sports,sports,sports,sports,sports,sports,sports,sports
10727,sports,sports,sports,sports,sports,sports,sports,sports,sports,sports
5034,sports,sports,sports,sports,sports,sports,sports,sports,sports,sports
3126,sports,sports,sports,sports,sports,sports,sports,sports,sports,sports
544,business,business,business,business,business,business,business,business,business,business
4369,sports,sports,sports,sports,sports,sports,sports,sports,sports,sports
9570,sports,sports,sports,sports,sports,sports,sports,sports,sports,sports
4995,sports,sports,sports,sports,sports,sports,sports,sports,sports,sports
6330,politics,business,politics,politics,politics,politics,politics,business,politics,business
9497,sports,sports,sports,sports,sports,sports,sports,sports,sports,sports
1371,sports,sports,sports,sports,sports,sports,sports,sports,sports,sports
2537,business,business,business,business,business,business,business,business,business,business
2479,business,business,business,business,business,business,business,business,business,business
1669,sports,sports,sports,sports,sports,sports,sports,sports,sports,sports
10310,sports,sports,sports,sports,sports,sports,sports,sports,sports,sports
3976,sports,sports,sports,sports,sports,sports,sports,sports,sports,sports
10962,sports,sports,sports,sports,sports,sports,sports,sports,sports,sports
618,sports,sports,sports,sports,sports,sports,sports,sports,sports,sports
9771,sports,sports,sports,sports,sports,sports,sports,sports,sports,sports
6447,sports,sports,sports,sports,sports,sports,sports,sports,sports,sports
5448,business,business,business,business,business,business,business,business,business,business
315,sports,sports,sports,sports,sports,sports,sports,sports,sports,sports
7493,politics,business,politics,politics,business,business,business,politics,politics,politics
4240,sports,sports,sports,sports,sports,sports,sports,sports,sports,sports
2778,business,sports,business,business,business,business,politics,business,business,business
6436,politics,politics,politics,politics,politics,politics,politics,politics,politics,politics
2478,sports,sports,sports,sports,sports,sports,sports,sports,sports,sports
11483,sports,sports,sports,sports,sports,sports,sports,sports,sports,sports
1700,sports,sports,sports,sports,sports,sports,sports,sports,sports,sports
7805,sports,sports,sports,sports,sports,sports,sports,sports,sports,sports
9188,politics,politics,politics,politics,politics,politics,politics,politics,politics,politics
2608,business,business,business,business,business,business,business,business,business,business
11173,business,business,business,business,business,business,business,business,sports,business
6242,sports,sports,sports,sports,sports,sports,sports,sports,sports,sports
4835,politics,politics,politics,politics,politics,politics,politics,politics,politics,politics
10996,sports,sports,sports,sports,sports,sports,sports,sports,sports,sports
4400,sports,sports,sports,sports,sports,sports,sports,business,sports,sports
476,business,business,business,business,business,business,business,business,business,business
4565,business,politics,politics,politics,politics,politics,politics,politics,politics,politics
3584,sports,sports,sports,sports,sports,sports,sports,sports,sports,sports
6706,sports,sports,sports,sports,sports,sports,sports,sports,sports,sports
10743,business,business,business,business,business,business,business,business,business,business
10073,sports,sports,sports,sports,sports,sports,sports,sports,sports,sports
10371,sports,sports,sports,sports,sports,sports,sports,sports,sports,sports
696,sports,sports,sports,sports,sports,sports,sports,sports,sports,sports
11326,sports,sports,sports,sports,sports,sports,sports,sports,sports,sports
11417,sports,sports,sports,sports,sports,sports,sports,sports,sports,sports
3558,sports,sports,sports,sports,sports,sports,sports,sports,sports,sports
11121,sports,sports,sports,sports,sports,sports,sports,sports,sports,sports
2913,sports,sports,sports,sports,sports,sports,sports,sports,sports,sports
5337,sports,sports,sports,sports,sports,sports,sports,sports,sports,sports
7181,sports,sports,sports,sports,sports,sports,sports,sports,sports,sports
5262,sports,sports,sports,sports,sports,sports,sports,sports,sports,sports
8563,sports,sports,sports,sports,sports,sports,sports,sports,sports,sports
7070,sports,sports,sports,sports,sports,sports,sports,sports,sports,sports
2982,business,business,business,business,business,business,business,business,business,business
2880,sports,politics,sports,sports,sports,sports,sports,sports,sports,sports
8230,sports,sports,sports,sports,sports,sports,sports,sports,sports,sports
7217,sports,sports,sports,sports,sports,sports,sports,sports,sports,sports
1083,sports,sports,sports,sports,sports,sports,sports,sports,sports,sports
3575,politics,politics,politics,politics,politics,politics,politics,politics,politics,politics
9534,business,business,business,business,business,business,business,business,business,business
6797,sports,sports,sports,sports,sports,sports,sports,sports,sports,sports
5607,sports,sports,sports,sports,sports,sports,sports,sports,sports,sports
3645,sports,sports,sports,sports,sports,sports,sports,sports,sports,sports
712,politics,politics,politics,politics,politics,politics,politics,politics,politics,politics
8254,sports,sports,sports,sports,sports,sports,sports,politics,sports,sports
8940,sports,sports,sports,sports,sports,sports,sports,sports,sports,sports
11515,sports,sports,sports,sports,sports,sports,sports,sports,sports,sports
9593,sports,sports,sports,sports,sports,sports,sports,sports,sports,sports
8642,sports,sports,sports,sports,sports,sports,sports,sports,sports,sports
8295,politics,politics,politics,politics,politics,politics,politics,politics,politics,politics
71,sports,sports,sports,sports,sports,sports,sports,sports,sports,sports
8073,politics,politics,politics,politics,politics,politics,politics,politics,politics,politics
4183,sports,sports,sports,sports,sports,sports,sports,sports,sports,sports
8105,sports,sports,sports,sports,sports,sports,sports,sports,sports,sports
8008,sports,sports,sports,sports,sports,sports,sports,sports,sports,sports
762,sports,sports,sports,sports,sports,sports,sports,sports,sports,sports
11077,business,business,business,business,business,business,business,business,business,business
4968,sports,sports,sports,sports,sports,sports,sports,sports,sports,sports
7912,sports,sports,sports,sports,sports,sports,sports,sports,sports,sports
10336,sports,sports,sports,sports,sports,sports,sports,sports,sports,sports
4946,business,business,business,business,business,business,business,business,sports,business
6208,sports,sports,sports,sports,sports,sports,sports,sports,sports,sports
1336,sports,sports,sports,sports,sports,sports,sports,sports,sports,sports
6990,sports,sports,sports,sports,sports,sports,sports,sports,sports,sports
8003,politics,politics,politics,politics,politics,politics,politics,politics,business,politics
6938,sports,sports,sports,sports,sports,sports,sports,sports,sports,sports
9975,business,business,business,business,business,business,business,business,business,business
40,sports,sports,sports,sports,sports,sports,sports,sports,sports,sports
1463,sports,sports,sports,sports,sports,sports,sports,sports,sports,sports
3552,sports,sports,sports,sports,sports,sports,sports,sports,sports,sports
7450,sports,sports,sports,sports,sports,sports,sports,sports,sports,sports
10071,sports,sports,sports,sports,sports,sports,sports,sports,sports,sports
10714,business,politics,politics,politics,politics,politics,politics,business,politics,politics
9905,sports,sports,sports,sports,sports,sports,sports,sports,sports,sports
5799,sports,sports,sports,sports,sports,sports,sports,sports,sports,sports
1664,sports,sports,sports,sports,sports,sports,sports,sports,sports,sports
3825,politics,politics,politics,politics,politics,politics,politics,politics,politics,politics
6296,sports,sports,sports,sports,sports,sports,sports,sports,sports,sports
4988,politics,politics,politics,politics,politics,politics,politics,politics,politics,politics
10700,sports,sports,sports,sports,sports,sports,sports,sports,sports,sports
6791,politics,politics,politics,politics,politics,politics,politics,politics,politics,politics
4999,sports,sports,sports,sports,sports,sports,sports,sports,sports,sports
2576,business,business,business,business,business,business,business,business,business,business
9356,sports,sports,sports,sports,sports,sports,sports,sports,sports,sports
2378,sports,sports,sports,sports,sports,sports,sports,sports,sports,sports
3371,sports,sports,sports,sports,sports,sports,sports,sports,sports,sports
5731,sports,sports,sports,sports,sports,sports,sports,sports,sports,sports
9923,politics,politics,politics,politics,politics,politics,politics,politics,politics,politics
4864,sports,sports,sports,sports,sports,sports,sports,sports,sports,sports
4218,sports,sports,sports,sports,sports,sports,sports,sports,sports,sports
9076,sports,sports,sports,sports,sports,sports,sports,sports,sports,sports
5874,sports,sports,sports,sports,sports,sports,sports,politics,sports,sports
3888,sports,sports,sports,sports,sports,sports,sports,sports,sports,sports
7825,business,business,business,business,business,politics,politics,politics,politics,business
7733,sports,sports,sports,sports,sports,sports,sports,sports,sports,sports
11387,sports,sports,sports,sports,sports,sports,sports,sports,sports,sports
599,sports,sports,sports,sports,sports,sports,sports,sports,sports,sports
3081,sports,sports,sports,sports,sports,sports,sports,sports,sports,sports
5005,sports,sports,sports,sports,sports,sports,sports,sports,sports,sports
10689,sports,sports,sports,sports,sports,sports,sports,sports,sports,sports
5783,sports,sports,sports,sports,sports,sports,sports,sports,sports,sports
5400,sports,sports,sports,sports,sports,sports,sports,sports,sports,sports
3667,politics,politics,politics,politics,politics,politics,politics,politics,politics,politics
6854,sports,sports,sports,sports,sports,sports,sports,sports,sports,sports
573,sports,sports,sports,sports,sports,sports,sports,sports,sports,sports
2625,sports,sports,sports,sports,sports,sports,sports,sports,sports,sports
9739,sports,sports,sports,sports,sports,sports,sports,sports,sports,sports
1734,sports,sports,sports,sports,sports,sports,sports,sports,sports,sports
4345,business,business,business,business,business,business,business,business,business,business
3068,sports,sports,sports,sports,sports,sports,sports,sports,sports,sports
4903,sports,sports,sports,sports,sports,sports,sports,sports,sports,sports
8068,politics,politics,politics,politics,politics,politics,politics,politics,politics,politics
1551,sports,sports,sports,sports,sports,sports,sports,sports,sports,sports
275,sports,sports,sports,sports,sports,sports,sports,sports,sports,sports
749,sports,sports,sports,sports,sports,sports,sports,sports,sports,sports
7865,sports,sports,sports,sports,sports,sports,sports,sports,sports,sports
4490,sports,sports,sports,sports,sports,sports,sports,sports,sports,sports
699,business,business,business,business,business,business,business,business,business,business
4187,sports,sports,sports,sports,sports,sports,sports,sports,sports,sports
11426,sports,sports,sports,sports,sports,sports,sports,sports,sports,sports
9532,politics,politics,politics,politics,politics,politics,politics,politics,politics,politics
10537,sports,sports,sports,sports,sports,sports,sports,sports,sports,sports
10584,sports,sports,sports,sports,sports,sports,sports,sports,sports,sports
3167,sports,sports,sports,sports,sports,sports,sports,sports,sports,sports
2341,sports,sports,sports,sports,sports,sports,sports,sports,sports,sports
9415,sports,sports,sports,sports,sports,sports,sports,sports,sports,sports
2144,sports,sports,sports,sports,sports,sports,sports,business,business,sports
3615,sports,politics,sports,sports,politics,sports,sports,sports,politics,sports
8097,sports,sports,sports,sports,sports,sports,sports,sports,sports,sports
6176,sports,sports,sports,sports,sports,sports,sports,sports,sports,sports
10363,sports,sports,sports,sports,sports,sports,sports,sports,sports,sports
11446,sports,sports,sports,sports,sports,sports,sports,sports,sports,sports
4906,sports,sports,sports,sports,sports,sports,sports,sports,sports,sports
2416,business,business,business,business,business,business,business,business,business,business
6569,sports,sports,sports,sports,sports,sports,sports,sports,sports,sports
5313,sports,sports,sports,sports,sports,sports,sports,sports,sports,sports
8577,business,business,business,business,business,business,business,business,business,business
1439,sports,sports,sports,sports,sports,sports,sports,sports,sports,sports
5356,sports,sports,sports,sports,sports,sports,sports,sports,sports,sports
8487,sports,sports,sports,sports,sports,sports,sports,sports,sports,sports
6163,sports,sports,sports,sports,sports,sports,sports,sports,sports,sports
7721,politics,politics,politics,politics,politics,politics,politics,politics,politics,politics
3501,sports,sports,sports,sports,sports,sports,sports,sports,sports,sports
8824,sports,sports,sports,sports,sports,sports,sports,sports,sports,sports
581,sports,sports,sports,sports,sports,sports,sports,sports,sports,sports
9945,business,politics,business,politics,politics,politics,politics,business,business,business
10164,sports,sports,sports,sports,sports,sports,sports,sports,sports,sports
5142,politics,politics,politics,politics,politics,politics,politics,politics,politics,politics
2384,sports,sports,sports,sports,sports,sports,sports,sports,sports,sports
6676,sports,sports,sports,sports,sports,sports,sports,sports,sports,sports
5200,politics,politics,politics,politics,politics,politics,politics,politics,politics,politics
7421,sports,sports,sports,sports,sports,sports,sports,sports,sports,sports
10652,sports,sports,sports,sports,sports,sports,sports,sports,sports,sports
4619,sports,sports,sports,sports,sports,sports,sports,sports,sports,sports
11135,sports,sports,sports,sports,sports,sports,sports,sports,sports,sports
7047,politics,politics,politics,politics,politics,politics,politics,politics,politics,politics
6910,sports,sports,sports,sports,sports,sports,sports,sports,sports,sports
949,sports,sports,sports,sports,sports,sports,sports,sports,sports,sports
7900,sports,sports,sports,sports,sports,sports,sports,sports,sports,sports
419,sports,sports,sports,sports,sports,sports,sports,sports,sports,sports
6584,sports,sports,sports,sports,sports,sports,sports,sports,sports,sports
9378,sports,sports,sports,sports,sports,sports,sports,sports,sports,sports
6634,business,business,business,business,business,business,business,business,business,business
8274,sports,sports,sports,sports,sports,sports,sports,sports,sports,sports
232,sports,sports,sports,sports,sports,sports,sports,sports,sports,sports
5300,sports,sports,sports,sports,sports,sports,sports,sports,sports,sports
7885,sports,sports,sports,sports,sports,sports,sports,sports,sports,sports
9805,politics,politics,politics,politics,politics,politics,politics,politics,politics,politics
8468,sports,sports,sports,sports,sports,sports,sports,sports,sports,sports
7615,sports,sports,sports,sports,sports,sports,sports,sports,sports,sports
10783,sports,sports,sports,sports,sports,sports,sports,sports,sports,sports
11049,sports,sports,sports,sports,sports,sports,sports,sports,sports,sports
2077,sports,sports,sports,sports,sports,sports,sports,sports,sports,sports
10456,business,business,business,business,business,business,business,sports,business,business
4039,sports,sports,sports,sports,sports,sports,sports,sports,sports,sports
6067,sports,sports,sports,sports,sports,sports,sports,sports,sports,sports
8993,politics,politics,politics,politics,business,business,business,politics,business,politics
4998,sports,sports,sports,sports,sports,sports,sports,sports,sports,sports
8185,business,business,business,business,business,business,business,business,business,business
181,sports,sports,sports,sports,sports,sports,sports,sports,sports,sports
10596,sports,sports,sports,sports,sports,sports,sports,sports,sports,sports
5908,politics,politics,politics,politics,politics,politics,politics,politics,politics,politics
7380,politics,politics,politics,politics,politics,politics,politics,politics,politics,politics
10002,sports,sports,sports,sports,sports,sports,sports,sports,sports,sports
4534,politics,politics,politics,politics,politics,politics,politics,politics,politics,politics
3057,sports,sports,sports,sports,sports,sports,sports,sports,sports,sports
11360,sports,sports,sports,sports,sports,sports,sports,sports,sports,sports
6386,sports,sports,sports,sports,sports,sports,sports,sports,sports,sports
1100,sports,sports,sports,sports,sports,sports,sports,sports,sports,sports
8070,sports,sports,sports,sports,sports,sports,sports,sports,sports,sports
2296,sports,sports,sports,sports,sports,sports,sports,sports,sports,sports
3445,sports,sports,sports,sports,sports,sports,sports,sports,sports,sports
4105,sports,sports,sports,sports,sports,sports,sports,sports,sports,sports
4451,sports,sports,sports,sports,sports,sports,sports,sports,sports,sports
9311,sports,sports,sports,sports,sports,sports,sports,sports,sports,sports
783,sports,sports,sports,sports,sports,sports,sports,sports,sports,sports
5953,business,business,business,business,business,business,business,business,business,business
1709,business,business,business,business,business,business,business,business,sports,business
6456,politics,politics,politics,politics,politics,politics,politics,politics,politics,politics
9229,sports,sports,sports,sports,sports,sports,sports,sports,sports,sports
4225,politics,politics,politics,politics,politics,politics,politics,politics,politics,politics
10940,sports,sports,sports,sports,sports,sports,sports,sports,sports,sports
6812,sports,sports,sports,sports,sports,sports,sports,sports,sports,sports
48,sports,sports,sports,sports,sports,sports,sports,sports,sports,sports
7442,politics,politics,politics,politics,politics,politics,politics,politics,politics,politics
4851,sports,sports,sports,sports,sports,sports,sports,sports,sports,sports
4371,sports,sports,sports,sports,sports,sports,sports,sports,sports,sports
704,business,business,business,business,business,business,business,business,business,business
3536,politics,politics,business,politics,business,business,business,business,business,politics
141,sports,sports,sports,sports,sports,sports,sports,sports,sports,sports
3022,sports,sports,sports,sports,sports,sports,sports,sports,sports,sports
3171,sports,sports,sports,sports,sports,sports,sports,sports,sports,sports
1699,sports,sports,sports,sports,sports,sports,sports,sports,sports,sports
1924,politics,politics,politics,politics,politics,politics,politics,politics,politics,politics
342,sports,sports,sports,sports,sports,sports,sports,sports,sports,sports
3267,sports,sports,sports,sports,sports,sports,sports,sports,sports,sports
5932,sports,sports,sports,sports,sports,sports,sports,sports,sports,sports
9219,sports,sports,sports,sports,sports,sports,sports,sports,sports,sports
3820,sports,sports,sports,sports,sports,sports,sports,sports,sports,sports
11203,sports,sports,sports,sports,sports,sports,sports,sports,sports,sports
4552,politics,politics,politics,politics,politics,politics,politics,politics,politics,politics
1685,sports,sports,sports,sports,sports,sports,sports,sports,sports,sports
4181,sports,sports,sports,sports,sports,sports,sports,sports,sports,sports
2565,sports,sports,sports,sports,sports,sports,sports,sports,sports,sports
11427,sports,sports,sports,sports,sports,sports,sports,sports,sports,sports
10133,sports,sports,sports,sports,sports,sports,sports,sports,sports,sports
4043,sports,politics,politics,politics,politics,politics,politics,politics,sports,politics
2014,business,business,business,business,business,business,business,business,business,business
11512,sports,sports,sports,sports,sports,sports,sports,sports,sports,sports
8620,sports,sports,sports,sports,sports,sports,sports,sports,sports,sports
4691,sports,sports,sports,sports,sports,sports,sports,sports,sports,sports
6637,sports,sports,sports,sports,sports,sports,sports,sports,sports,sports
964,business,business,business,business,business,business,business,business,business,business
3015,business,business,business,business,business,business,business,business,business,business
3422,sports,sports,sports,sports,sports,sports,sports,sports,sports,sports
8181,sports,sports,sports,sports,sports,sports,sports,sports,sports,sports
2182,sports,sports,sports,sports,sports,sports,sports,sports,sports,sports
298,sports,sports,sports,sports,sports,sports,sports,sports,sports,sports
11083,business,business,business,business,business,business,business,business,business,business
5232,sports,sports,sports,sports,sports,sports,sports,sports,sports,sports
174,sports,sports,sports,sports,sports,sports,sports,sports,sports,sports
96,sports,sports,sports,sports,sports,sports,sports,sports,sports,sports
7529,sports,sports,sports,sports,sports,sports,sports,sports,sports,sports
9982,sports,sports,sports,sports,sports,sports,sports,sports,sports,sports
6991,sports,sports,sports,sports,sports,sports,sports,sports,sports,sports
5481,sports,sports,sports,sports,sports,sports,sports,sports,sports,sports
3539,sports,sports,sports,sports,sports,sports,sports,sports,sports,sports
6049,sports,sports,sports,sports,sports,sports,sports,sports,sports,sports
8057,sports,sports,sports,sports,sports,sports,sports,sports,sports,sports
8576,sports,sports,sports,sports,sports,sports,sports,sports,sports,sports
5738,sports,sports,sports,sports,sports,sports,sports,sports,sports,sports
11035,business,business,business,business,business,business,business,business,business,business
4106,sports,sports,sports,sports,sports,sports,sports,sports,sports,sports
650,sports,sports,sports,sports,sports,sports,sports,sports,sports,sports
10398,sports,sports,sports,sports,sports,sports,politics,sports,business,sports
3898,politics,politics,politics,politics,politics,politics,politics,politics,politics,politics
8865,business,business,business,business,business,business,business,business,business,business
9346,sports,sports,sports,sports,sports,sports,sports,sports,sports,sports
1795,sports,sports,sports,sports,sports,sports,sports,sports,sports,sports
10101,politics,politics,politics,politics,politics,politics,politics,politics,politics,politics
2300,sports,sports,sports,sports,sports,sports,sports,sports,sports,sports
11444,sports,sports,sports,sports,sports,sports,sports,sports,sports,sports
6313,sports,sports,sports,sports,sports,sports,sports,sports,sports,sports
1146,sports,sports,sports,sports,sports,sports,sports,sports,sports,sports
3674,sports,sports,sports,sports,sports,sports,sports,sports,sports,sports
10761,politics,politics,politics,politics,politics,politics,politics,politics,sports,politics
7490,sports,sports,sports,sports,sports,sports,sports,sports,sports,sports
4767,sports,sports,sports,sports,sports,sports,sports,sports,sports,sports
2907,politics,politics,politics,politics,politics,politics,politics,politics,politics,politics
3505,sports,sports,sports,sports,sports,sports,sports,sports,sports,sports
9498,business,politics,politics,politics,politics,business,politics,business,business,business
9595,sports,sports,sports,sports,sports,sports,sports,sports,sports,sports
1686,sports,sports,sports,sports,sports,sports,sports,sports,sports,sports
9583,sports,sports,sports,sports,sports,sports,sports,sports,sports,sports
214,sports,sports,sports,sports,sports,sports,sports,sports,sports,sports
4987,business,business,business,business,business,business,business,business,business,business
10103,sports,sports,sports,sports,sports,sports,sports,sports,sports,sports
3112,sports,sports,sports,sports,sports,sports,sports,sports,sports,sports
8969,sports,sports,sports,sports,sports,sports,sports,sports,sports,sports
9474,sports,sports,sports,sports,sports,sports,sports,sports,sports,sports
11169,sports,sports,sports,sports,sports,sports,sports,sports,sports,sports
5957,business,politics,politics,business,politics,business,business,business,business,politics
9191,sports,sports,sports,sports,sports,sports,sports,sports,sports,sports
7272,sports,sports,sports,sports,sports,sports,sports,sports,sports,sports
6775,sports,sports,sports,sports,sports,sports,sports,sports,sports,sports
7456,sports,sports,sports,sports,sports,sports,sports,sports,sports,sports
6624,sports,sports,sports,sports,sports,sports,sports,sports,sports,sports
10611,sports,sports,sports,sports,sports,sports,sports,sports,sports,sports
9082,business,business,business,business,business,business,business,business,business,business
9512,sports,sports,sports,sports,sports,sports,sports,sports,sports,sports
9167,sports,sports,sports,sports,sports,sports,sports,sports,sports,sports
11327,business,business,business,business,sports,business,business,sports,sports,sports
5088,business,business,business,business,business,business,business,business,business,business
2446,business,business,business,business,business,business,business,business,business,business
11458,sports,sports,sports,sports,sports,sports,sports,sports,sports,sports
8253,sports,sports,sports,sports,sports,sports,sports,sports,sports,sports
6998,sports,sports,sports,sports,sports,sports,sports,sports,sports,sports
5969,sports,sports,sports,sports,sports,sports,sports,sports,sports,sports
9363,politics,politics,politics,politics,politics,politics,politics,politics,politics,politics
10488,sports,sports,sports,sports,sports,sports,sports,sports,sports,sports
1778,sports,sports,sports,sports,sports,sports,sports,sports,sports,sports
6499,business,business,business,business,business,business,business,business,politics,business
8201,sports,sports,sports,sports,sports,sports,sports,sports,sports,sports
864,sports,sports,sports,sports,sports,sports,sports,sports,sports,sports
1225,sports,sports,sports,sports,sports,sports,sports,sports,sports,sports
1836,sports,sports,sports,sports,sports,sports,sports,sports,sports,sports
5798,politics,politics,politics,politics,politics,politics,politics,politics,politics,politics
8649,sports,sports,sports,sports,sports,sports,sports,sports,sports,sports
11079,business,business,business,business,business,business,business,business,business,business
8458,business,business,business,business,business,business,business,business,business,business
4018,politics,politics,politics,politics,politics,politics,politics,politics,politics,politics
3762,sports,sports,sports,sports,sports,sports,sports,sports,sports,sports
8612,politics,politics,politics,politics,politics,business,politics,politics,politics,politics
8786,sports,sports,sports,sports,sports,sports,sports,sports,sports,sports
3601,sports,sports,sports,sports,sports,sports,sports,sports,sports,sports
9519,sports,sports,sports,sports,sports,sports,sports,sports,sports,sports
7284,sports,sports,sports,sports,sports,sports,sports,sports,sports,sports
2942,sports,sports,sports,sports,sports,sports,sports,sports,sports,sports
8293,politics,politics,politics,politics,politics,politics,politics,politics,politics,politics
4139,sports,sports,sports,sports,sports,sports,sports,sports,sports,sports
1846,sports,sports,sports,sports,sports,sports,sports,sports,sports,sports
9633,sports,sports,sports,sports,sports,sports,sports,sports,sports,sports
2939,sports,sports,sports,sports,sports,sports,sports,sports,sports,sports
2485,sports,sports,sports,sports,sports,sports,sports,sports,sports,sports
4215,politics,politics,politics,politics,politics,politics,politics,politics,politics,politics
8515,sports,sports,sports,sports,sports,sports,sports,sports,sports,sports
11333,sports,sports,sports,sports,sports,sports,sports,sports,sports,sports
9564,sports,sports,sports,sports,sports,sports,sports,sports,sports,sports
5439,sports,sports,sports,sports,sports,sports,sports,sports,sports,sports
9527,sports,sports,sports,sports,sports,sports,sports,sports,sports,sports
366,business,business,business,business,business,business,business,business,sports,business
8595,sports,sports,sports,sports,sports,sports,sports,sports,sports,sports
5177,sports,sports,sports,sports,sports,sports,sports,sports,sports,sports
9227,politics,politics,politics,politics,politics,politics,politics,business,politics,politics
4894,sports,sports,sports,sports,sports,sports,sports,sports,sports,sports
8557,sports,sports,sports,sports,sports,sports,sports,sports,sports,sports
4500,sports,sports,sports,sports,sports,sports,sports,sports,sports,sports
2266,sports,sports,sports,sports,sports,sports,sports,sports,sports,sports
2716,politics,politics,politics,politics,business,politics,politics,business,politics,politics
5822,politics,politics,politics,politics,politics,politics,politics,politics,politics,politics
6024,sports,sports,sports,sports,sports,sports,sports,sports,sports,sports
8629,sports,sports,sports,sports,sports,sports,sports,sports,sports,sports
6751,sports,sports,sports,sports,sports,sports,sports,sports,sports,sports
4628,sports,sports,sports,sports,sports,sports,sports,sports,sports,sports
11365,sports,sports,sports,sports,sports,sports,sports,sports,sports,sports
913,sports,sports,sports,sports,sports,sports,sports,sports,sports,sports
6768,sports,sports,sports,sports,sports,sports,sports,sports,sports,sports
8038,sports,sports,sports,sports,sports,sports,sports,sports,sports,sports
4734,sports,sports,sports,sports,sports,sports,sports,sports,sports,sports
5593,sports,sports,sports,sports,sports,sports,sports,sports,sports,sports
7429,sports,sports,sports,sports,sports,sports,sports,sports,sports,sports
1610,sports,sports,sports,sports,sports,sports,sports,sports,sports,sports
1540,sports,sports,sports,sports,sports,sports,sports,sports,sports,sports
8770,sports,sports,sports,sports,sports,sports,sports,sports,sports,sports
10836,sports,sports,sports,sports,sports,sports,sports,sports,sports,sports
131,sports,sports,sports,sports,sports,sports,sports,sports,sports,sports
648,sports,sports,sports,sports,sports,sports,sports,sports,sports,sports
10844,sports,sports,sports,sports,sports,sports,sports,sports,sports,sports
9435,sports,sports,sports,sports,sports,sports,sports,sports,sports,sports
3521,sports,sports,sports,sports,sports,sports,sports,sports,sports,sports
2428,sports,sports,sports,sports,sports,sports,sports,sports,sports,sports
9468,sports,sports,sports,sports,sports,sports,sports,sports,sports,sports
3008,sports,sports,sports,sports,sports,sports,sports,sports,sports,sports
11064,sports,sports,sports,sports,business,sports,sports,sports,sports,sports
7901,sports,sports,sports,sports,sports,sports,sports,sports,sports,sports
2239,sports,sports,sports,sports,sports,sports,sports,sports,sports,sports
5312,sports,sports,sports,sports,sports,sports,sports,sports,sports,sports
3211,sports,sports,sports,sports,sports,sports,sports,sports,sports,sports
759,business,business,business,business,business,business,business,business,business,business
1553,business,business,business,business,business,business,business,business,business,business
10154,politics,politics,politics,politics,politics,politics,politics,politics,politics,politics
6933,sports,sports,sports,sports,sports,sports,sports,sports,sports,sports
10629,sports,sports,sports,sports,sports,sports,sports,sports,sports,sports
8718,business,business,business,business,business,business,business,business,business,business
5397,politics,politics,politics,politics,politics,politics,politics,politics,politics,politics
1003,sports,sports,sports,sports,sports,sports,sports,sports,sports,sports
9041,sports,sports,sports,sports,sports,sports,sports,sports,sports,sports
135,sports,sports,sports,sports,sports,sports,sports,sports,sports,sports
6343,sports,sports,sports,sports,sports,sports,sports,sports,sports,sports
2890,sports,sports,sports,sports,sports,sports,sports,sports,sports,sports
7513,sports,sports,sports,sports,sports,sports,sports,sports,sports,sports
10599,sports,sports,sports,sports,sports,sports,sports,sports,sports,sports
436,sports,sports,sports,sports,sports,sports,sports,sports,sports,sports
10160,politics,politics,politics,politics,politics,politics,politics,politics,politics,politics
8863,sports,sports,sports,sports,sports,sports,sports,sports,sports,sports
3024,sports,sports,sports,sports,sports,sports,sports,sports,sports,sports
10819,sports,sports,sports,sports,sports,sports,sports,sports,sports,sports
9342,sports,sports,sports,sports,sports,sports,sports,sports,sports,sports
10710,sports,sports,sports,sports,sports,sports,sports,sports,sports,sports
1204,sports,sports,sports,sports,sports,sports,sports,sports,sports,sports
6151,sports,sports,sports,sports,sports,sports,sports,sports,sports,sports
1330,sports,sports,sports,sports,sports,sports,sports,sports,sports,sports
4989,politics,politics,politics,politics,politics,politics,politics,politics,politics,politics
6616,politics,politics,politics,politics,politics,politics,politics,politics,politics,politics
7518,sports,sports,sports,sports,sports,sports,sports,sports,sports,sports
9153,sports,sports,sports,sports,sports,sports,sports,sports,sports,sports
10741,sports,sports,sports,sports,sports,sports,sports,sports,sports,sports
6369,sports,sports,sports,sports,sports,sports,sports,sports,sports,sports
3096,sports,sports,sports,sports,sports,sports,sports,sports,sports,sports
4582,sports,sports,sports,sports,sports,sports,sports,sports,sports,sports
9496,sports,sports,sports,sports,sports,sports,sports,sports,sports,sports
6841,sports,sports,sports,sports,sports,sports,sports,sports,sports,sports
8493,sports,sports,sports,sports,sports,sports,sports,sports,sports,sports
2804,sports,sports,sports,sports,sports,sports,sports,sports,sports,sports
996,business,business,business,business,business,business,business,business,business,business
50,sports,sports,sports,sports,sports,sports,sports,sports,sports,sports
8486,sports,sports,sports,sports,sports,sports,sports,sports,sports,sports
8084,sports,sports,sports,sports,sports,sports,sports,sports,sports,sports
10355,sports,sports,sports,sports,sports,sports,sports,sports,sports,sports
2371,sports,sports,sports,sports,sports,business,sports,sports,sports,sports
8059,sports,sports,sports,sports,sports,sports,sports,sports,sports,sports
10440,politics,politics,politics,politics,politics,politics,politics,politics,politics,politics
950,sports,sports,sports,sports,sports,sports,sports,sports,sports,sports
7776,sports,sports,sports,sports,sports,sports,sports,sports,sports,sports
3391,sports,sports,sports,sports,sports,sports,sports,sports,sports,sports
5330,sports,sports,sports,sports,sports,sports,sports,sports,sports,sports
9369,sports,sports,sports,sports,sports,sports,sports,sports,sports,sports
8472,sports,sports,sports,sports,sports,sports,sports,sports,sports,sports
8837,politics,politics,politics,politics,politics,politics,politics,politics,politics,politics
1872,sports,sports,sports,sports,sports,sports,sports,sports,sports,sports
4404,sports,sports,sports,sports,sports,sports,sports,sports,sports,sports
11156,sports,sports,sports,sports,sports,sports,sports,sports,sports,sports
267,sports,sports,sports,sports,sports,sports,sports,sports,sports,sports
7469,sports,sports,sports,sports,sports,sports,sports,sports,sports,sports
9577,sports,sports,sports,sports,sports,sports,sports,sports,sports,sports
4186,sports,sports,sports,sports,sports,sports,sports,sports,sports,sports
10214,politics,politics,politics,politics,politics,politics,politics,politics,politics,politics
1182,sports,sports,sports,sports,sports,sports,sports,sports,sports,sports
3400,sports,sports,sports,sports,sports,sports,sports,sports,sports,sports
1081,sports,sports,sports,sports,sports,sports,sports,sports,sports,sports
3885,business,business,business,business,business,business,business,business,business,business
8704,sports,sports,sports,sports,sports,sports,sports,sports,sports,sports
1427,sports,sports,sports,sports,sports,sports,sports,sports,sports,sports
2262,sports,sports,sports,sports,sports,sports,sports,sports,sports,sports
9207,politics,politics,politics,politics,politics,politics,politics,politics,politics,politics
4292,sports,sports,sports,sports,sports,sports,sports,sports,sports,sports
9559,sports,sports,sports,sports,sports,sports,sports,sports,sports,sports
7142,sports,sports,sports,sports,sports,sports,sports,sports,sports,sports
6909,sports,sports,sports,sports,sports,sports,sports,sports,sports,sports
10509,politics,politics,politics,politics,politics,politics,politics,politics,politics,politics
4647,sports,sports,sports,sports,sports,sports,sports,sports,sports,sports
11042,business,business,business,business,business,business,business,business,business,business
10016,sports,sports,sports,sports,sports,sports,sports,sports,sports,sports
6241,sports,sports,sports,sports,sports,sports,sports,sports,sports,sports
8307,sports,sports,sports,sports,sports,sports,sports,sports,sports,sports
10254,sports,sports,sports,sports,sports,sports,sports,sports,sports,politics
646,sports,sports,sports,sports,sports,sports,sports,sports,sports,sports
7800,sports,sports,sports,sports,sports,sports,sports,sports,sports,sports
11189,sports,sports,sports,sports,sports,sports,sports,sports,sports,sports
4884,sports,sports,sports,sports,sports,sports,sports,sports,sports,sports
10208,sports,sports,sports,sports,sports,sports,sports,sports,sports,sports
7533,sports,sports,sports,sports,sports,sports,sports,sports,sports,sports
10671,sports,sports,sports,sports,sports,sports,sports,sports,sports,sports
767,sports,sports,sports,sports,sports,sports,sports,sports,sports,sports
14,business,business,business,business,business,business,business,business,business,business
7460,politics,politics,politics,politics,politics,politics,politics,politics,politics,politics
692,sports,sports,sports,sports,sports,sports,sports,sports,sports,sports
5146,sports,sports,sports,sports,sports,sports,sports,sports,sports,sports
1622,sports,sports,sports,sports,sports,sports,sports,sports,sports,sports
4626,politics,politics,politics,politics,politics,politics,politics,politics,politics,politics
2298,sports,sports,sports,sports,sports,sports,sports,sports,sports,sports
1319,sports,sports,sports,sports,sports,sports,sports,sports,sports,sports
1926,sports,sports,sports,sports,sports,sports,sports,sports,sports,sports
1832,business,business,business,business,business,business,business,politics,politics,politics
8120,business,business,business,business,business,business,business,business,business,business
8082,sports,sports,sports,sports,sports,sports,sports,sports,sports,sports
829,sports,sports,sports,sports,sports,sports,sports,sports,sports,sports
3922,sports,sports,sports,sports,sports,sports,sports,sports,sports,sports
9598,sports,sports,sports,sports,sports,sports,sports,sports,sports,sports
6958,sports,sports,sports,sports,sports,sports,sports,sports,sports,sports
4957,sports,sports,sports,sports,sports,sports,sports,sports,sports,sports
9253,sports,sports,sports,sports,sports,sports,sports,sports,sports,sports
1727,sports,sports,sports,sports,sports,sports,sports,sports,sports,sports
10056,politics,politics,politics,politics,politics,politics,politics,politics,politics,politics
9871,politics,politics,politics,politics,politics,politics,politics,politics,politics,politics
7582,politics,politics,politics,politics,politics,politics,politics,politics,politics,politics
2059,sports,sports,sports,sports,sports,sports,sports,sports,sports,sports
9344,business,business,business,business,business,business,business,business,business,business
9404,sports,sports,sports,sports,sports,sports,sports,sports,sports,sports
11306,business,business,business,business,business,business,business,business,business,business
9291,business,business,business,business,business,business,business,business,business,business
2375,sports,sports,sports,sports,sports,sports,sports,sports,sports,sports
4841,sports,sports,sports,sports,sports,sports,sports,sports,sports,sports
6805,sports,sports,sports,sports,sports,sports,sports,sports,sports,sports
8809,sports,sports,sports,sports,sports,sports,sports,sports,sports,sports
274,business,business,business,business,business,business,business,business,business,business
4159,sports,sports,sports,sports,sports,sports,sports,sports,sports,sports
8903,politics,politics,politics,politics,politics,politics,politics,politics,politics,politics
3194,business,business,business,business,business,business,business,business,business,business
2387,business,business,business,business,business,business,business,business,business,business
4702,sports,sports,sports,sports,sports,sports,sports,sports,sports,sports
7363,politics,politics,politics,politics,politics,politics,politics,politics,sports,politics
4753,politics,politics,politics,politics,politics,politics,politics,politics,business,politics
5964,business,business,business,business,business,business,business,sports,sports,business
4042,sports,sports,sports,sports,sports,sports,sports,sports,sports,sports
6704,sports,sports,sports,sports,sports,sports,sports,sports,sports,sports
4166,sports,sports,sports,sports,sports,sports,sports,sports,sports,sports
866,business,business,business,business,business,business,business,politics,sports,business
9028,sports,sports,sports,sports,sports,sports,sports,sports,sports,politics
9330,sports,sports,sports,sports,sports,sports,sports,sports,sports,sports
2842,sports,sports,sports,sports,sports,sports,sports,sports,sports,sports
4430,sports,sports,sports,sports,sports,sports,sports,sports,sports,sports
9866,sports,sports,sports,sports,sports,sports,sports,sports,sports,sports
7878,sports,sports,business,sports,sports,business,sports,business,sports,sports
1124,sports,sports,sports,sports,sports,sports,sports,sports,sports,sports
11468,sports,sports,sports,sports,sports,sports,sports,sports,sports,sports
9340,sports,sports,sports,sports,sports,sports,sports,sports,sports,sports
9606,sports,sports,sports,sports,sports,sports,sports,sports,sports,sports
4441,sports,sports,sports,sports,sports,sports,sports,sports,sports,sports
10327,sports,sports,sports,sports,sports,sports,sports,sports,sports,sports
6137,sports,sports,sports,sports,sports,sports,sports,sports,sports,sports
11080,business,business,business,business,business,business,business,business,business,business
9717,sports,sports,sports,sports,sports,sports,sports,sports,sports,sports
5925,sports,sports,sports,sports,sports,sports,sports,sports,sports,sports
6081,politics,politics,politics,politics,politics,politics,politics,politics,politics,politics
3132,sports,sports,sports,sports,politics,politics,sports,sports,sports,sports
3175,sports,sports,sports,sports,sports,sports,sports,sports,sports,sports
5675,sports,sports,sports,sports,sports,sports,sports,sports,sports,sports
2490,sports,sports,sports,sports,sports,sports,sports,sports,sports,sports
2307,business,business,business,business,business,business,business,business,business,business
163,sports,sports,sports,sports,sports,sports,sports,sports,sports,sports
6152,sports,sports,sports,sports,sports,sports,sports,sports,sports,sports
9947,sports,sports,sports,sports,sports,sports,sports,sports,sports,sports
11510,sports,sports,sports,sports,sports,sports,sports,sports,sports,sports
673,sports,sports,sports,sports,sports,sports,sports,sports,sports,sports
802,sports,sports,sports,sports,sports,sports,sports,sports,sports,sports
6699,sports,sports,sports,sports,sports,sports,sports,sports,sports,sports
915,sports,sports,sports,sports,sports,sports,sports,sports,sports,sports
4461,sports,sports,sports,sports,sports,sports,sports,sports,sports,sports
6598,sports,sports,sports,sports,sports,sports,sports,sports,sports,sports
4544,sports,sports,sports,sports,sports,sports,sports,sports,sports,sports
7014,sports,sports,sports,sports,sports,sports,sports,sports,sports,sports
2725,sports,sports,sports,sports,sports,sports,sports,sports,sports,sports
5261,sports,sports,sports,sports,sports,sports,sports,sports,sports,sports
4834,sports,sports,sports,sports,sports,sports,sports,sports,sports,sports
8071,politics,politics,politics,politics,politics,politics,politics,politics,politics,politics
740,sports,sports,sports,sports,sports,sports,sports,sports,sports,sports
