row_id,label,text,prediction,confidence,prob_business,prob_politics,prob_sports
6531,business,"washington — the supreme court heard arguments on wednesday in a major labor case that, depending on how it is resolved, could hamper the ability of unions to mount successful campaigns to organize workers.the case concerns deals in which employers aid unionization drives in exchange for labor peace, sometimes called ""neutrality agreements."" several justices seemed receptive to the idea that such deals could run afoul of a federal labor law that bars employers from giving a ""thing of value"" to unions . chief justice john g . roberts jr . seemed skeptical of deals that include "" card check"" arrangements, in which employers allow unions to collect cards from workers saying they want a union, rather than putting the question to a secret vote.voluntary agreements to join a union are one thing, the chief justice said, while a deal between an employer and union allowing elections by card check ""taints that process, in particular by allowing the card check procedure that it has been argued exercises coercion against employees to support the union.""other justices seemed wary of interpreting the federal law too literally. justice anthony m . kennedy said that a strict reading of the law would be ""contrary to years of settled practices and understandings .""as part of the arrangements at issue in the case, unite here local 355 v. mulhall, no. 12-99, a florida racetrack and casino, mardi gras gaming, agreed to provide information about its workers to the union, to permit organizers onto its grounds, to allow the card check procedure and to remain neutral.in exchange, the union agreed to spend more than,000 to support a casino gambling ballot initiative and not to picket or strike against mardi gras during the unionization drive.such arrangements are commonplace in the hospitality business, said richard g. mccracken, a lawyer for the union. ""they are efficient,"" he said of the deals. ""they avoid the hard feelings that come in many contested organizing campaigns and thereby create a good environment for collective bargaining.""mr. mccracken said a ruling banning neutrality agreements would be ""extremely damaging.""but justice samuel a. alito jr . said that some of what the union agreed to provide fit comfortably within the usual definition of a ""thing of value.""""why wouldn't the right to use private property in a way that otherwise wouldn't be allowed constitute a thing of value?"" he asked.mr. mccracken responded that a right of access is not a true property right but something less tangible.his main adversary, william l. messenger, a lawyer for martin mulhall, a worker who had objected to the agreement between the casino and the union, said that allowing such deals during organizing campaigns ""would tear a massive hole"" in the federal labor law . the law bans gifts from employers to unions, he said, and it should be enforced.michael r. dreeben, a deputy solicitor general, argued for the federal government in support of the union. he said the phrase ""thing of value,"" read in isolation, could apply to some of what the casino had promised to do. but the law's other provisions and the general policy behind it, he said, favor sensible ground rules for organizing campaigns and allow neutrality agreements. justice elena kagan agreed with that expansive view of what is permissible in negotiations between employers and unions .""i would have thought that the premise and the policies of the labor laws are to encourage a wide variety of employer-employee agreements,"" she said. ""the idea is to get these parties together to reach agreements on a wide variety of things that matter to them."" justice stephen g . breyer urged the court to be practical. ""you don't have to get into a metaphysical argument about 'things of value,' "" he said.""lists, access, promises to stay neutral are central to many aspects of organizing campaigns,"" he said. ""to throw them in here is going to create a mess.""still, justice sonia m. sotomayor said she was troubled by the money that the union had agreed to spend. ""tell me how i deal with that niggling problem i have about the,000, because it does feel like a bribe to the employer,"" she said.mr. mccracken said it was commonplace for unions to work to expand their employers' businesses out of self-interest. ""they do it because they want the jobs,"" he said.",politics,0.602761402624299,0.3897340544899312,0.602761402624299,0.007504542885769721
6999,business,"weeks of frantic technical work appear to have made the government's health care website easier for consumers to use. but that does not mean everyone who signs up for insurance can enroll in a health plan .the problem is that the systems that are supposed to deliver consumer information to insurers still have not been fixed. and with coverage for many people scheduled to begin in just 30 days, insurers are worried the repairs may not be completed in time.""until the enrollment process is working from end to end, many consumers will not be able to enroll in coverage,"" said karen m. ignagni, president of america's health insurance plans, a trade group .the issues are vexing and complex. some insurers say they have been deluged with phone calls from people who believe they have signed up for a particular health plan, only to find that the company has no record of the enrollment. others say information they received about new enrollees was inaccurate or incomplete, so they had to track down additional data — a laborious task that will not be feasible if data is missing for tens of thousands of consumers .in still other cases, insurers said, they have not been told how much of a customer's premium will be subsidized by the government, so they do not know how much to charge the policyholder.in trying to fix healthcare. gov, president obama has given top priority to the needs of consumers, assuming that arrangements with insurers can be worked out later. the white house announced on sunday that it had met its goal for improving healthcare. gov so the website ""will work smoothly for the vast majority of users .""in effect, the administration gave itself a passing grade. because of hundreds of software fixes and hardware upgrades in the last month, it said, the website — the main channel for people to buy insurance under the 2010 health care law — is now working more than 90 percent of the time, up from 40 percent during some weeks in october.jeffrey d. zients, the presidential adviser leading the repair effort, said he had shaken up management of the website so the team was now ""working with the velocity and discipline of a high-performing private sector company .""mr. zients said,000 people could use the website at the same time and that the error rate, reflecting the failure of web pages to load properly, was consistently less than 1 percent, down from 6 percent before the overhaul.pages on the site generally load faster, in less than a second, compared with an average of eight seconds in late october, mr. zients said.whether mr. obama can fix his job approval ratings as well as the website is unclear. public opinion polls suggest he may have done more political damage to himself in the last two months than republican attacks on the health care law did in three years.people who have tried to use the website in the last few days report a mixed experience, with some definitely noticing improvements.""every week, it's been getting better,"" said lynne m. thorp, who leads a team of counselors, or navigators, in southwestern florida . ""it's getting faster, and nobody's getting kicked out.""but neither mr. zients nor the department of health and human services indicated how many people were completing all the steps required to enroll in a health plan through the federal site, which serves residents of 36 states .and unless enrollments are completed correctly, coverage may be in doubt.for insurers the process is maddeningly inconsistent. some people clearly are being enrolled. but insurers say they are still getting duplicate files and, more worrisome, sometimes not receiving information on every enrollment taking place ."" health plans can't process enrollments they don't receive,"" said robert zirkelbach, a spokesman for america's health insurance plans .despite talk from time to time of finding some sort of workaround, experts say insurers have little choice but to wait for the government to fix these problems. the insurers are in ""an unenviable position,"" said brett graham, a managing director at leavitt partners, which has been advising states and others on the exchanges . ""although they don't have the responsibility or the capability to fix the system, they're reliant on it.""",politics,0.5218364276592966,0.4779130059205649,0.5218364276592966,0.00025056642013868163
4508,sports,"on a february night 45 years ago, a linebacker on the south carolina state football team named robert lee davis went with three or four teammates to a bowling alley just off the black college's campus in orangeburg. theirs was not an act of recreation but of political protest .as expected, the alley's owner turned them away because only whites were admitted. then the local police arrived to arrest the players for disturbing the peace. when other students nearby began to object, the officers drew their nightsticks and the beatings began.two nights later, on feb. 8, 1968, davis and a larger group of football players joined their fellow students in building a bonfire near the campus entrance in a demonstration against the police assault . this time, an all-white force of state troopers responded. by the time the lawmen were done firing, 3 students lay dead and 27 had been wounded.the orangeburg massacre, as the event came to be called, has grown over time into a landmark in civil rights history. more specifically, it stands as a tragically valiant episode in the history of political activism by black athletes, specifically the football players and the coach of south carolina state .one football player, samuel hammond, died in the hail of fire from the state troopers . several others were injured, davis severely enough to be temporarily paralyzed. in the aftermath of the shooting, defensive back willis ham and three other student-athletes made a protest run 42 miles from orangeburg to the state capital of columbia.the players' protests at south carolina state predated more famous examples of black athletic activism like the movement to boycott the 1968 summer olympics and the bowed-head, clenched-fist salutes from john carlos and tommie smith on the medal stand during the mexico city games that year.black colleges on the whole were deeply involved in the civil rights movement, and though some athletes took up the cause, they tended to be the exception rather than the rule. jesse jackson was both a quarterback and a protest leader at north carolina a&t. willie galimore, a star running back for florida a&m and then the chicago bears, helped to integrate the ponce de leon hotel in st . augustine, fla., a focus of civil rights protests . a defensive lineman for grambling, frederick douglass kirkpatrick, helped found and lead the louisiana group deacons for defense and justice, which guarded civil rights volunteers.still, on friday's 45th anniversary of the orangeburg massacre, the movement at south carolina state remains notable for the depth of commitment by athletes and for the bloody price the players paid.""there was no play as vicious as that play,"" one of the wounded players, harold riley, recalled in an interview conducted for the orangeburg massacre oral history project. ""to see people crying and dying, you know, that kind of stuff. you don't die on the football field. you miss a play, and you get up and run another one. this play here was a play you never forget.""the story of the south carolina state football team and the orangeburg massacre began several years earlier, in a certain sense, with the arrival of two men. one was oree banks, who became coach in. the other was cleveland sellers, the national program director for the student nonviolent coordinating committee, who started mobilizing students on the campus in early.many presidents of black colleges — as well as the coaches who worked for them — felt an excruciating tension between the white governors and legislatures that controlled their jobs and the righteously restive students who had grown up amid brown v. board of education, the montgomery bus boycott and the march on washington .in both age and temperament, banks bridged the groups . though born in mississippi, he had experienced integration while serving in the army and earning bachelor's and master's degrees at kansas state . in the same year when he took the south carolina state job, banks joined the n.a.a.c.p., a daring move at a time when some southern states had outlawed membership in the group and the organization was routinely likened to the communist party .",politics,0.5589505047136248,1.4379486007247975e-05,0.5589505047136248,0.4410351158003679
4113,business,"a group of state insurance commissioners emerged from a meeting with president obama and other federal officials on wednesday saying that state regulators would continue to decide on their own whether to go along with his recent proposal to let consumers keep older insurance plans for an extra year, even if the plans did not comply with regulations under the new health care law.in a conference call with reporters and in a statement issued after the meeting, they said they told the president they would not reach any consensus on what states should do. they said they warned the president that his proposal would amount to ""different rules for different policies and might result in higher premiums for consumers without addressing underlying concern of gaps in coverage .""jim donelon, president of the national association of insurance commissioners and the louisiana insurance commissioner, said in a statement that members of his organization, which represents state insurance commissioners, ""have been working to ensure that plans are compliant with the new rules.""he added, ""these proposed changes are creating a level of uncertainty that we must work together to alleviate."" white house officials acknowledged that each state had to make the decision that was best for its consumers ."" states have different populations with unique needs, and it is up to the insurance commissioner and health insurance companies to decide which insurance products can be offered to existing customers next year,"" the administration said in a statement.the meeting, which lasted 50 minutes, had a conciliatory tone, the regulators said, even as they declined to recommend a course of action to their counterparts across the country. the regulators said policy recommendations were not part of their mission.""we share the president's goal of affordable coverage for consumers, and we will work with the insurance companies in our states to implement changes that make sense while following our mandate of consumer protection,"" mr. donelon said.mr. donelon attended the meeting with former senator ben nelson of nebraska, who is chief executive of the organization; the connecticut insurance commissioner, thomas b. leonardi; and the north carolina insurance commissioner, wayne goodwin. kathleen sebelius, the secretary of health and human services and the highest-ranking official overseeing the health care law, was also there.mr. obama announced his proposal days earlier, intending to make good on his often-repeated pledge that consumers who liked their insurance plans could keep them. despite his pledge, insurers have sent out cancellation notices to millions of people in recent weeks . the cancellations, which insurers attributed largely to the new health care requirements, had created anxiety among holders of health policies and was being used by political opponents to attack another aspect of the health care law .although the president urged insurers to renew older policies for another year, the decision is ultimately up to insurance companies, which write the policies, and state insurance regulators, who typically have final say over whether the old policies can be sold and what insurers can charge for them.some states, like florida, have said they will allow consumers to renew old policies, but others, including washington and indiana, have said they will not adopt mr. obama's proposal. new york has also said it will not comply with the president's request. california is to announce its decision on thursday.",politics,0.9303120806270456,0.0692650748076197,0.9303120806270456,0.00042284456533463703
6878,business,"whatever the explanation, the states whose economies are most dependent on government employment and economic activity are also the states that are most likely to vote for republicans, who generally campaign on promises to reduce the size of government .consider one measure, the proportion of civilian employees in each state with government jobs, whether federal, state or local. nationally, the proportion last month was 16 percent, the lowest figure since.but the variance among the 50 states is large. at the top of the list, with one out of four workers employed by the government, is wyoming . at the other extreme is pennsylvania, with just one in eight. wyoming is among the most republican states, and that is part of a pattern. of the 15 states with the highest proportion of government employment, 10 voted for mitt romney, the republican nominee, in last year's presidential election . (the district of columbia, with more than 30 percent of the employees working for the government, is not included in the list because it is not a state, but it voted for president obama .) of the 15 states with the lowest level of government employment, only two — indiana and tennessee — voted for mr. romney .if only the 25 states with the lowest level of government employment had voted in the election, mr. obama would have won the national popular vote by a landslide margin of.3 percentage points, much larger than his actual margin of.9 percentage points . but among the other 25 states, plus the district of columbia, mr. romney had a.2 percentage point margin and would have easily won the election .the charts show state rankings on that and three other measures. the 15 states with the largest government involvement are at the top and the 15 with the lowest government involvement are at the bottom. states whose names are shaded voted for mr. romney and dominate all four of the top lists. states that voted for mr. obama are not shaded, and dominate the bottom lists. it should be noted that people may work in a different state from the one in which they live and vote. the ranking based on the proportion of government employees is shown in the left column of the chart. next to it is a ranking based on the increase or decline in total government employment since january, when the number of permanent government employees peaked. coincidentally, that was also the month that mr. obama took office .the other two are based on the state gross domestic product numbers calculated by the bureau of economic analysis of the commerce department . one shows the proportion resulting from government activity, rather than private sector activity, in, the most recent figure available. the next shows how much real government g.d.p. increased — or decreased — in the two years from 2010 to.a complete list of the figures for all 50 states, plus the district of columbia, can be found online with this column at at nytimes.com/ businessday .the state g.d.p. figures may well understate the importance of — and the decline in — government activity. that is because they are computed differently from the national g.d.p. number. the national number is based on spending, while the state numbers are based on profits and income of workers. as a result, if a government pays for the construction of something, whether a school or a fighter jet, that will show up as government activity in the national figure. but for the state figures, it will show up as private-sector activity because the work was done by employees of construction or aerospace companies .by the state figures, real government g.d.p. across the country fell by.3 percent during the two years through. the national g.d.p. figures, which reflect a substantial decline in local and state government investments in such things as schools and highways, showed a.2 percent decline, the largest for any two-year period since the early 1950s, when the government was demobilizing after the korean war .whether measured by g.d.p. or jobs, the last several years have been marked by an extraordinary reduction in government in most parts of the country.",politics,0.9610898136863987,0.03889520860025859,0.9610898136863987,1.497771334281534e-05
5165,business,"the morning after a catastrophic earthquake leveled buildings and killed thousands of people in haiti in, an internet marketing millionaire from st . george, utah, named jeremy johnson decided to cancel all his business meetings and arrange his own ad hoc aid mission.mr. johnson, 34 at the time, had never traveled to haiti before. but his decision to stage a private airlift, using his own aircraft, did not surprise his friends and family . they were used to his impulsive acts of magnanimity.six feet tall, with unruly red hair and a toothy grin, mr. johnson was well-known around st . george for deploying his own helicopter to rescue hikers stranded in nearby canyons and for housing families fleeing from polygamous communities. one local resident who befriended mr. johnson when they were both boy scouts described him as ""one of the most christ-like people i have ever come to know.""in haiti, mr. johnson piloted his own helicopter, flying infant formula to remote orphanages, evacuating injured children and delivering 110-pound bags of beans and rice to outskirts of port-au-prince, said another friend, daniel gardner, who joined him on the mission. on the last day of the 12-day trip, mr. johnson gave away personal possessions — a baseball cap, his ipod — down to the hiking boots he had been wearing, mr. gardner recalled. mr. johnson flew home with his feet clad only in striped paul smith socks.""when i think of jeremy johnson, i think of the most generous person i ever met,"" said mr. gardner, an assistant loan officer in provo, utah . ""whatever he had, he would give and give and give.""but what mr. johnson had to give — and it was quite a bit — may have come from consumers who got taken. the federal trade commission says mr. johnson was ""the mastermind"" behind one of the largest and most intricate online marketing frauds ever perpetrated in the united states .mr. johnson founded and ran a company called i works, which, the agency says, marketed programs to help people get government grants for personal needs and earn easy money . according to a civil complaint filed by the f.t.c., the company lured consumers with online pitches for free or ""risk-free"" cd-roms that required only a nominal shipping fee and then charged their credit cards for recurring online memberships they were unaware of and had not consented to.over five years, mr. johnson, along with i works, company executives and related corporations, supposedly swindled ""unwitting consumers "" out of more than $275 million, the complaint said. the company also discouraged dissatisfied customers from seeking refunds from their credit card companies, the complaint said, by threatening to report those customers to a company -operated consumer blacklist called badcustomer.com.all the while, proceeds from the enterprise were used to finance mr. johnson's ""lavish lifestyles"" of helicopters and houseboats, classic cars and poker at a las vegas casino, according to a receiver's report to the court on mr. johnson's assets. some details in the case file read as if they came from an old west novel: according to testimony from a witness, mr. johnson supposedly amassed bundles of cash and buried caches of gold.""this is the anatomy of a really interesting fraud done by a clever guy at the expense of the most vulnerable people,"" asserted david c. vladeck, a professor at the georgetown university law center who worked on the case in his previous job as director of the f.t.c.'s bureau of consumer protection .mr. johnson has repeatedly and vehemently denied any wrongdoing ; a court filing by his defense team describes the f.t.c.'s argument as ""filled with half-truths, distortions and inflammatory rhetoric that is not supported by the evidence."" the purpose of badcustomer.com, for instance, was simply to steer people to his customer service centers, he said in a court filing .in addition to the f.t.c.'s civil case, taking place in the united states district court of nevada, he is now facing 86 related criminal charges — including conspiracy, money laundering and bank fraud — brought by the united states attorney in utah . mr. johnson has denied those charges, too.""we did not commit any fraud whatsoever,"" he wrote in an e-mail to an f.t.c. lawyer in.over the last 19 months, in an attempt to clear his name, mr. johnson has mounted a campaign that accuses federal agents of misdeeds, including interfering with his right to a fair and speedy trial . because of his jeremiads, federal prosecutors asked a judge in federal court in salt lake to prohibit him from further public commentary. in may, the judge imposed the order on mr. johnson, along with others in the criminal case including defendants, defense lawyers and prosecutors, prohibiting them from making public statements about the case .melodie rydalch, a spokeswoman for the united states attorney in utah, said federal prosecutors could not comment on the criminal case because of the order. peter kaplan, a spokesman for the f.t.c., declined to comment on its case ""given the posture of the litigation."" but in hundreds of court filings, federal regulators paint a portrait of i works as an enterprise that went to great lengths to lure online users even as consumer dissatisfaction mounted. rather than modify their business practices, an f.t.c. court filing says, ""defendants adopted strategies that allowed their fraud machine to continue reaping millions of dollars from unsuspecting customers .""",politics,0.7716373112476456,0.19097664716400092,0.7716373112476456,0.03738604158835349
5092,sports,"tallahassee, fla. — prosecutors did not receive information about an 11-month-old sexual assault allegation involving florida state quarterback jameis winston until tuesday, an assistant state attorney said.the tallahassee police investigated winston, a leading heisman trophy contender, in connection with a sexual assault in an off-campus apartment that was reported nearly a year ago. f.s.u. records showed the first report was made to the campus police on dec. 7 by a student at a dormitory. the investigation was handed over to the tallahassee police, and the case was given to prosecutors this week. georgia cappleman, an assistant state attorney, said normal procedure for criminal cases in leon county calls for the police to give information to prosecutors if there is evidence for an arrest, or if it is a ""close call."" she said the police do not tell prosecutors when they have decided against pursuing an arrest.the tallahassee police, citing a continuing investigation, have not said much about the case, including why investigators waited until this week to hand over information to local prosecutors .second-ranked florida state practiced thursday, preparing for a home game against syracuse on saturday. winston spoke to the news media for roughly five minutes wednesday night, but university officials said they would cut off the news conference if anyone asked questions that were not strictly related to football .timothy jansen, the lawyer representing winston, has said that his client did nothing wrong and that he thought the investigation had been completed months ago . ""when i spoke to the detective in february, he told me the case was closed,"" jansen said. ""i relayed that to my client and to university officials . i hadn't heard another word until monday.""the tallahassee police on wednesday released a heavily redacted two-page incident report that did not mention winston by name, but said the incident took place between:30 and 2 a.m. on dec. 7. it described the suspect's height as being between 5 feet 9 inches and. winston is listed at 6-4 by florida state .coach jimbo fisher held a live radio show in tallahassee on wednesday evening and did not address the incident or the investigation.",politics,0.5350542515630624,4.509562212709783e-07,0.5350542515630624,0.4649452974807163
7009,politics,"denver — hundreds of abandoned drilling wells dot eastern wyoming like sagebrush, vestiges of a natural gas boom that has been drying up in recent years as prices have plummeted.the companies that once operated the wells have all but vanished into the prairie, many seeking bankruptcy protection and unable to pay the cost of reclaiming the land they leased. recent estimates have put the number of abandoned drilling operations in wyoming at more than,200, and state officials said several thousand more might soon be orphaned by their operators . wyoming officials are now trying to address the problem amid concerns from landowners that the wells could contaminate groundwater and are a blight on the land.this month, gov . matt mead proposed allocating $3 million to pay for plugging the wells and reclaiming the land around them. and the issue is expected to be debated during next year's legislative session as lawmakers seek to hold drilling companies more accountable.""the downturn in natural gas prices has forced small operators out of business, and the problem has really accelerated over the last couple of years,"" said the governor's policy director, shawn reese. "" landowners would like their land to be brought back to a productive status and have orphaned wells cleaned up.""drilling companies in wyoming typically lease land from the state, private owners or the federal bureau of land management, depending on who owns the mineral rights.the state's oil and gas conservation commission already budgets $1 million a year to plug abandoned wells. and under the governor's proposal, the commission would appropriate another $3 million over the next four years in an effort to restore property value and reduce the risk of contamination.the money would come from a conservation tax that oil and gas companies pay.still, given the number of wells already abandoned and the concern that more will soon be deserted, the money is not expected to go far. the state estimated that closing the,200 wells already abandoned would cost about $8 million .compounding the problem, state officials estimate that wyoming may also have to plug,300 wells that are sitting idle but have not been entirely abandoned by operators .there are also 400 idle wells scattered across land owned by the bureau of land management, which has its own criteria for determining when a well on its land is considered abandoned or idle. state officials said they would need to work with the bureau to help deal with those wells, too. governor mead also wants the commission, which he sits on, to review the conservation tax and bonding requirements for drilling companies to determine whether they are sufficient.currently, companies must pay a,000 blanket bond to cover all of the wells they operate — often numbering in the hundreds — on state and private land in wyoming . once a well stops producing and is deemed idle, the operator must pay up to $10 a linear foot in bonding to offset the cost of reclamation.but it is at that point that some companies drift into financial trouble and cannot pay the additional fees, leaving the state to scramble to make up the cost.the governor's proposal has drawn support from landowner groups like the powder river basin coalition, which has been pushing the state to take a tougher tack toward financially marginal drilling companies .""there has been a lot of hand-holding and coddling over the years when it comes to oil and gas operators and their ability to pay the bonding,"" said jill morrison, an organizer with the group.ms. morrison said that the issue had largely been ignored during wyoming's peak boom years — from 1995 to.""we are really pleased there is an actual plan to move forward with an aggressive plugging and reclamation strategy,"" she said.the proposal is also backed by the petroleum association of wyoming, which favors raising the conservation tax to help pay for plugging fees. the group also supports higher bond fees for operators with tenuous finances .""it's how you weed out companies that are too risky to go into business with,"" said the group's president, bruce hinchey.but getting drilling companies who claim to be on the verge of collapse to take responsibility for wells they still technically own has proved difficult.one such company, patriot energy resources, which owns about 900 idle wells on state and private land, said in an october letter to governor mead that it was.9 million short of full bonding on those wells after the bankruptcy filing of luca technologies, its parent company .patriot has proposed allowing another drilling company to take on a part of its debt, saying it will have to abandon its wells otherwise. ""without this deal or something similar, patriot will be forced to file for bankruptcy and turn these wells and reservoirs over to the state of wyoming,"" a company official wrote in the letter.renny mackay, a spokesman for mr. mead, said the state was weighing the offer. state senator john j. hines, a republican who represents mineral-rich campbell and converse counties, said it was vital for lawmakers to take up the issue swiftly, because natural gas was so important to wyoming's economy .""all of this just came to a head at once,"" said mr. hines, who heads the senate's minerals committee .last spring, mr. hines was told by patriot that the hum of gas drilling activity on his own sprawling cattle ranch would soon grow quiet.soon after, the company, which leased parcels of mr. hines's land, disappeared completely — leaving behind more than 40 coal -bed methane wells and a jumble of pipes and pumps.""they informed me that they were shutting down because they were short of funds,"" mr. hines said. ""all of it, in my opinion, needs to be cleaned up.""",business,0.6381055204265775,0.6381055204265775,0.3612418104588543,0.0006526691145680836
7493,politics,"washington — the short-term plan to reduce greenhouse gas emissions that president obama outlined this week is achievable with some new programs and better management of existing ones, the new energy secretary, ernest j. moniz, said in an interview on thursday. but he said reaching a longer-term goal would require bigger reductions as well as action from congress .when mr. obama first ran for president, he pledged to reduce greenhouse gas emissions in the united states 80 percent by, compared with 1990 levels.mr. obama's interim goal, for, is a 17 percent reduction in global warming gas emissions compared with. the 2020 goal is already half achieved, dr. moniz said, and achieving the rest will require faster fulfillment of new appliance efficiency standards, among other steps. many of those standards are stuck in a bottleneck at the office of management and budget, which evaluates the costs and benefits of proposed regulations .""i think the president's commitment will provide the spur to o.m.b. and the energy department to move smartly on these,"" dr. moniz said.other steps include government loan guarantees for fossil fuel projects that will cut pollution, which the energy department will administer but has yet to describe in detail."" fossil fuels are not going away any time soon,"" dr. moniz said. he said it was essential to build power plants that would capture and bury their carbon dioxide emissions and that after that technology was commercialized for coal it would have to be used on natural gas as well. carbon emissions from power plants that use natural gas are about half of those from coal, but they are still not nearly small enough to meet long-term climate goals, he said.another step, he said, is the completion of new civilian nuclear power reactors at a price and on a schedule close to what has been budgeted. the department is still negotiating a loan guarantee for one of those projects, vogtle 3 and, near waynesboro, ga. he said that the four new reactors under construction — the other two are in south carolina — were only slightly larger, in capacity, than the four reactors whose retirements have been announced this year. in the long term, he said, it was essential that the plants under construction become templates for building more.by midcentury, when the president's goal is an 80 percent reduction in emissions compared with, ""you have to replace essentially all the nuclear capacity, and build more,"" he said.production of a new kind of factory -built ""small modular reactors "" would also be needed, but those would not be deployed by, he said.one of the big steps the president described this week was setting standards for carbon dioxide emissions from power plants . the energy department might play a role in helping improve power plant efficiency, but the standards would be set by the environmental protection agency .to reach the 80 percent goal, set forth by mr. obama when he first ran for president, would require cutting emissions every year by about 20 percent more than what the president proposed this week, said daniel m. kammen, director of the renewable and appropriate energy laboratory at the university of california, berkeley. mr. kammen also said the 17 percent goal is ""not as deep as i would like initially, but it's critical to do this step.""dr. moniz said that the interim goal was compatible with the long-term goal, but reaching the 2050 goal ""would require a lot more to happen.""",business,0.6432978728339466,0.6432978728339466,0.35668520312593144,1.6924040122074214e-05
4565,business,"this spring, the missouri chamber of commerce urged the state legislature to accept the federal government's plan to expand medicaid for the poor and disabled.the business lobbying group had not suddenly gone rogue. here is how daniel p. mehan, its president, summarized his feelings about president obama's health care law : ""we don't like it.""but the chamber was cognizant of the plea of its members directly affected by the issue: dozens of missouri hospitals stood to lose.2 billion over six years in federal support for uncompensated care if the state refused to increase the income ceiling for medicaid eligibility.pragmatism suggested accepting the expansion. washington would pay the extra cost entirely for three years and pick up 90 percent of the bill thereafter.and it would expand health coverage in the state's poor, predominantly white rural counties, which voted consistently to put republican lawmakers into office.missouri's republican -controlled legislature — heavy with tea party stalwarts — rejected medicaid's expansion in the state anyway.after their vote, a frustrated editorial in the missourian, a faithfully conservative newspaper in washington, mo., asked of the state's elected republicans : ""who do they represent?""today, the same forces that blocked the expansion of medicaid in missouri are going all out in washington in a bid to undo all of the affordable care act . bowing to the vehemence of its tea party faction, the house g.o.p. forced a government shutdown when senate democrats refused to delay or defund the president's health overhaul. house republicans are threatening even further damage if they don't get their way, possibly unleashing financial chaos if they manage to force the united states into its first default ever on the government's debt .republicans' efforts raise the same perplexing question posed by the missourian: what drives tea party republicans and their financial backers ? what calculation persuades them that repealing the health care law is worth the risk ? indeed, whose interests do they represent?nearly 6 in 10 americans disapprove of trying to stop the law by cutting its financing . even among those who don't like the law, less than half want their representatives in congress to try to make it fail.it is tempting to discard the tea party activists driving the republican party as crazy — as some commentators have — motivated by fear and willing to believe that default won't cause much harm and might even act as a purgative to free the economy of a bloated government .""they listen to nobody but themselves,"" the harvard political scientist theda skocpol told me. ""they are convinced of their rectitude and convinced that they alone are qualified to save america from the dire threat of obama and his polices. they have worked themselves into a dangerous place.""their relationship with reality can take peculiar turns. reflexive opponents of "" government,"" they can exhibit little sense of what the government actually does.and yet the argument that half the republican party has simply lost its mind has to be an unsatisfactory answer, especially considering the sophistication of some of the deep-pocketed backers of the tea party insurgency .there is a plausible alternative to irrationality. flawed though it may turn out to be, obamacare, as the affordable care act is popularly known, could fundamentally change the relationship between working americans and their government . this could pose an existential threat to the small- government credo that has defined the g.o.p. for four decades.the law is imperfect. it has dozens of complicated, interlocking parts. half of americans say they don't understand how it will affect them and their family. still, the law has many provisions that are likely to improve life for millions of americans, including a big portion of what we know as the working middle class .almost two-thirds of uninsured americans have a full-time job, according to the kaiser family foundation . a further 16 percent are employed part time.the department of health and human services recently estimated that nearly six in 10 uninsured americans could qualify for health coverage in the insurance market for less than $100 per person per month.according to an analysis by the urban institute, 28 million americans would gain health insurance under obamacare . of these, eight million earn more than twice the poverty level of,100 for a family of four. a majority of those would get a subsidy to buy a plan.as it turns out, the core tea party demographic — working white men between the ages of 45 and 64 — would do fairly well under the law.take missouri . it has about,000 uninsured. almost half of them would have been eligible for expanded medicaid benefits, had the legislature not rejected them. many of the rest — including families of four making up to,000 — will be eligible to get subsidized health insurance .in st . louis, for instance, a family of four making,000 a year will be able to buy a middle-of-the-road ""silver"" health plan for $282 a month and a bottom-end ""bronze"" plan for. even medicare recipients will get a benefit worth a few hundred dollars a year.in, when president bill clinton took an earlier stab at a health care overhaul, the conservative thinker william kristol published a manifesto about why republicans had to stop it."" passage of the clinton health plan in any form would be disastrous,"" mr. kristol wrote, italicizing for emphasis. ""it would guarantee an unprecedented federal intrusion into the american economy . its success would signal the rebirth of centralized welfare-state policy at the moment that such policy is being perceived as a failure in other areas.""two decades after mr. clinton's ultimately failed attempt, obamacare poses the same sort of threat.even americans who say they dislike the law actually like many of its components. nearly three-quarters approve of giving financial help to poor and moderate- income americans to buy health insurance . two-thirds approve of barring insurance companies from denying coverage because of somebody's medical history . three-quarters favor letting children stay on their parents' insurance until they are.until now, social welfare programs in the united states have exhibited a ""big hole,"" professor skocpol said, consisting of nonpoor working-age americans and their children. obamacare closes a big chunk of it.""the main beneficiaries tend to have lower wages, employed in smaller businesses that are not providing health insurance,"" she said. ""they are not elderly. they are also not the poorest.""and they might be grateful to democrats for the benefit.to conservative republicans, losing a large slice of the middle class to the ranks of the democratic party could justify extreme measures.",politics,0.8714861871308606,0.12850896588678912,0.8714861871308606,4.8469823502071615e-06
10714,business,"as the obama administration's health overhaul sputters in its opening weeks, insurers and advocacy groups are pursuing a new strategy in the quest to get millions of young people to sign up for health insurance : they're appealing to their mothers.in one cheeky campaign, aarp is urging mothers to send e-cards to their children reminding them to sign up. one e- card reads, ""as a reward for signing up for health insurance, i'll defriend you on facebook ."" another group, organizing for action, is seeking to steer holiday conversations toward health care by encouraging parents to have ""the talk"" with their adult children . and a colorado group is promoting an ad featuring a hapless young man who calls his mother from the golf course: ""yo, mom, do i got insurance ?""recruiting enough young people is a major goal of the obama administration because insurers need healthy customers to offset the cost of caring for those with expensive medical needs.the goal carries even more urgency now that insurers are considering a proposal by president obama to let people, many of them healthy, stay on their existing policies for another year. if fewer of those people buy insurance in the new marketplaces, signing up young people without insurance will be even more crucial. young people also account for a major chunk of the uninsured. about 40 percent of the estimated 41 million uninsured people nationwide who are eligible for coverage are between the ages of 18 and, according to the administration .even as supporters are enlisting mothers in the effort to sign up their adult children, critics have mounted an equally aggressive and well-funded campaign urging young people to ""opt out"" of coverage . opponents use many of the same marketing tools as the law's supporters, reaching out to young people on social media and through web videos. advocacy groups and insurers are expected to make a major marketing push beginning in early december, when the obama administration has said it expects the malfunctioning federal health care website to be working better. they have their targets set on two major deadlines: dec. 23, when insurance must be purchased for coverage beginning on jan. 1, and march, when the open enrollment period will end.beneath the marketing campaigns' playful language is a deeper truth: when it comes to making major life decisions, many people — especially young adults — still turn to their mothers for help. more broadly, women make about 80 percent of the health care decisions for their families, according to the federal labor department .""it's the cutest phenomenon ever,"" said lynn quincy, a senior health policy analyst at consumers union, who stumbled on the significance of mothers while conducting a focus group of men and women last year about how well people understood the language in their insurance policies . when asked who they turned to for advice about health care, the overwhelming answer was their mothers. ""these people could have husbands, they could have fathers, they may have a nurse who lives next door, but they're all going to their moms,"" she said.of course, the administration and advocacy groups are also reaching out directly to young people themselves, collaborating with outlets like the comedy website funny or die, initiating social media campaigns, handing out fliers at concerts and sponsoring a video contest aimed at getting young people to sign up.""people need to have heard about it a couple of times, and frankly from a couple of different sources,"" said jon carson, the executive director of organizing for action, the nonprofit group that grew out of president obama's 2012 campaign organization. he said mothers represented just one avenue that they hoped would help persuade a young person to enroll. the recently posted video is part of a campaign, called healthcare for the holidays, that seeks to arm parents with talking points when they see their children at family get-togethers.this approach may resonate especially well with the so-called millennial generation, which came of age in a recession and may still financially depend on their parents, say some experts.""millennials love their parents and they count on them for advice,"" said morley winograd, the co-author of three books on the millennial generation . he noted that this might sound surprising to baby boomers, who famously rebelled against their parents' generation. but millennials ""assume that their parents have more worldly experience, and know about things like money and health insurance,"" he said.mary babich, the mother of two children in their 20s without insurance, said she had been pestering both of them to sign up. ""they look at it as just government bureaucracy — as almost akin to filling out their taxes,"" said ms. babich, who lives in wisconsin . she paused, and added, ""the sad thing is, i've always done both of their taxes .""the mother-knows-best strategy isn't entirely new. in, when massachusetts introduced its health care law, officials mailed greeting cards, timed for mother's day, to the parents of young men between the ages of 18 and. market research had shown this group was among the most resistant to buying insurance . ""the idea was to trigger a phone call from the parent to the child to say, 'hey, by the way, do you have insurance ?' "" said kevin j. counihan, who served as chief marketing officer for massachusetts's health insurance marketplace at the time. ""we made the hypothesis that we could best reach the young men through their mothers.""the effort, mr. counihan said, was a moderate success: many parents decided to pick up the bill for their sons' health insurance . and more often than not, ""we found they bought the most expensive plan because apparently nothing was too good for johnny."" mr. counihan is now chief executive of connecticut's state marketplace and said he was still targeting the mothers of young men by focusing on churches and community groups where they are likely to be members. insurers are also taking note of this influence. shaun greene, the chief operating officer at arches health plan, a health care co-op in utah, said he was surprised during a recent televised call-in when he fielded several calls from parents who quickly handed the phone to their children. ""at least three of them had their kid by the ear,"" he said, explaining: ""my son or daughter needs insurance . talk to them.""a certain level of concern is just part of being a parent, said nicole duritz, who helped develop the aarp campaign. ""i'm a mom and i'm constantly worried about my kids, and making sure they're making good decisions,"" she said. ""and health insurance falls into that category.""that's certainly true for lynne jackier, of ithaca, n.y., who has been helping her 24-year-old daughter look into buying health insurance on the state marketplace . she also has a 26-year-old son who recently moved to california and is also uninsured.""i feel like, as parents, it's our responsibility to get them to look at this now,"" ms. jackier said.her daughter, rosie simon, works as a nanny in westchester county and said she had been uninsured since graduating from college a few years ago . although ms. simon said that she had heard about the changes coming under the health care law, she added that her mother had been persistent in making sure she signed up. last weekend, during a visit home, the two sat down at the computer and took the initial steps of completing an application on new york's marketplace .without insurance, ms. simon said she often delayed going to the doctor when sick, or leaned on her parents for help. ms. jackier, who is on medicaid and so can't cover her daughter through private insurance, said she had become accustomed to the frustrating conversations. ""she'll get sick and i'll say, 'you have go to the doctor,' "" ms. jackier said. ""and she'll say, 'well, i don't have insurance .' ""the family had a scare when ms. simon recently developed a serious kidney infection. her parents paid the bill, which cost a few hundred dollars . it wasn't ideal, ms. simon said, but ""i'm still their baby.""",politics,0.5312299144103665,0.4685437745023604,0.5312299144103665,0.0002263110872731988
3615,sports,"miami — after an 11-day trial, a 23-year-old man charged in the killing of the washington redskins star sean taylor in 2007 was found guilty monday of second-degree murder and armed burglary. prosecutors said the man, eric rivera jr., and four others traveled to palmetto bay, the miami suburb where taylor lived, with the intention of stealing money from him. the burglary went awry, prosecutors said, when the intruders unexpectedly encountered taylor at home and shot him.one of the suspects, venjah hunte, earlier pleaded guilty to second-degree murder and burglary and was sentenced to 29 years, and the remaining three defendants will be tried on lesser charges later. rivera could be given a life term in prison when he is sentenced next month in miami-dade circuit court .the 12-member jury began deliberating last wednesday. the trial attracted considerable attention in south florida, where taylor, a native son who became a standout safety at the university of miami before going to the redskins, was something of a local hero. prosecutors said in opening statements oct. 21 that after breaking into taylor's house with his accomplices, rivera fired two shots, one of which pierced taylor's femoral artery as he confronted the intruders with a machete. taylor's girlfriend and their 18- month-old daughter were unharmed. taylor, 24, died the following day.during the trial, rivera took the stand in his own defense, acknowledging that he had accompanied the other men on the trip to palmetto bay but insisting that he had remained outside taylor's house during the break-in. taylor was shot inside after someone kicked open his bedroom door.but rivera gave a videotaped confession to the police in which he said he had shot taylor. he even drew a sketch of the layout of taylor's home, a prosecutor said, with notations for the burglars' whereabouts during the crime .""this defendant confessed to the murder of sean taylor, that he committed it,"" assistant state attorney ray araujo told the jury .rivera's lawyer, janese caruthers, said that his client's confession had been coerced by detectives eager to find a culprit in a case that had drawn national attention . prosecutors noted that one of the intruders had previously been to a birthday party at taylor's house and had seen him give,000 to his sister as a present. the robbers, araujo said, thought that taylor was out of town when they went to burglarize his home in the early hours of nov. 26, 2007, and did not know he was at home with an injury.robert parker, a former miami-dade county police director, said the defendants were ""certainly not looking to go there and kill anyone,"" the associated press reported. ""they were expecting a residence that was not occupied.""the murder weapon was never found, and prosecutors believe that one of the men threw it into the everglades as they drove home to fort myers along alligator alley.taylor was an all-american at the university of miami . he was selected by the redskins in the first round of the n.f.l. draft in.he was named to the pro bowl after his 2006 season, when he led the redskins in tackles .",politics,0.5378243539797953,1.6971768761346859e-06,0.5378243539797953,0.4621739488433284
9945,business,"in many stores around the country, the workers stocking the shelves and ringing up the gifts are at the very heart of this season's retail lament —many americans are so financially strapped that projections for holiday sales have grown bleaker by the week.and more so than in years past, the focus is on retail workers as more stores open on thanksgiving day, requiring many more to work on the holiday. even if they have the option of staying home, those still stuck at the bottom economic rung long after the recession's end have little choice but to take on extra shifts. food stamps have been cut for some, and many were stung by the payroll tax increase . even their own companies have set up food drives to aid low-paid employees at individual stores or created help lines advising them how to stretch their food dollars and apply for public assistance .chardé nabors, a mother of two who works as a $9-an-hour cashier at sears in the chicago loop, feels left behind by the holiday festivities, partly because she was scheduled to work from:30 p.m. thanksgiving to 6 a.m. friday. ""i'm here watching shoppers buy all these items, and i'm working to help these people, and i can't even buy my children the same products,"" said ms. nabors, whose 3-year-old son wants a spider-man doll she cannot afford.for retail workers nationwide, who earn a median pay of about.60 an hour, or less than,000 a year, holiday shopping sprees are most often enjoyed by customers on the opposite side of the counter.on black friday, workers at walmart and their union allies plan to stage protests at some,500 walmart stores to demand higher pay . moreover, many lawmakers, seeing the squeeze on incomes nationwide, are pushing an idea that they say could give a much-needed boost to retailers' languishing sales: increasing the minimum wage .the idea has been picking up momentum, with several new developments in the last month.the massachusetts state senate approved a measure last week that would increase that state's minimum wage to $11 an hour, far more than the.25-an-hour federal minimum. hoping to reduce low-wage workers' dependence on government aid, a conservative billionaire in california, ronald unz, is backing a referendum to raise his state's minimum wage to $12 — even more than the $10 minimum that gov . jerry brown signed into law in september. and on tuesday, officials in washington state announced that voters in seatac, a seattle suburb, had approved a referendum to establish a $15-an-hour minimum wage for the,500 workers at the international airport there. also this week in maryland, the montgomery and prince george's county councils voted to raise the minimum to.50 an hour by. earlier this month, white house officials said they would back a bill in congress that calls for raising the federal minimum to.10 an hour over two years, although opposition within the republican-controlled house makes passage unlikely anytime soon. major retailers and fast-food companies have opposed an increase, saying it would force them to raise prices and reduce worker numbers.median pay for the nation's.4 million fast-food workers stands at.80 an hour. for tenesha hueston, a shift manager at a burger king in durham, n.c., a.10 minimum wage would be a godsend for her christmas shopping . she says her pay.75 an hour —is too meager for her to buy the gifts her children are hankering for: a bicycle for her 5-year-old son and a leapfrog tablet learning toy for her 4-year-old daughter. ms. hueston, 36 and recently divorced, does housecleaning on the side, and moved back into her father's house with her children last spring when burger king reduced her weekly hours.with a higher wage, ms. hueston said, ""i'd be able to buy things. maybe i'd be able to move out of my father's house. maybe i could get off food stamps . maybe i could start giving back to the economy .""",politics,0.5591166054222944,0.4408744175533315,0.5591166054222944,8.977024374261412e-06
8993,politics,"miami — sharp increases in federal flood insurance rates are distressing coastal homeowners from hawaii to new england and are starting to hurt property values and housing sales in areas just beginning to recover from the recession, according to residents and legislators . in recent weeks, the hefty flood insurance rate increases brought about by a 2012 law have stoked widespread alarm and uncertainty, prompting rallies, petitions and concern among state governors . mississippi has sued the federal government to try to block the law. the issue has even garnered the attention of lawmakers, otherwise mired in the acrimonious government shutdown . a bipartisan group of senators and house members from gulf coast states are pressing for significant adjustments to the law once the capitol returns to normal.the law, officially known as the biggert-waters flood insurance reform act, is being rolled out in stages, with a major part having gone into effect on oct. it removes subsidies that keep federal flood insurance premiums artificially low for more than a million policy holders around the country — a discount that was applied to properties that existed before the drawing of flood insurance rate maps.an estimated 20 percent of the property owners with federal flood insurance received these subsidies as the new law went into effect, and their premiums will rise, in some cases precipitously, either now, over the next several years or whenever they sell their properties. the exact amount of the increase depends on the home's elevation above flood level. approved by congress in july 2012 as part of a wide-ranging transportation bill, the biggert-waters act was intended to regain control of an increasingly unsustainable national flood insurance program . the subsidies within that program, in the view of critics, encouraged development in risky areas and led to costly claims after catastrophic events, payouts that were borne largely by those paying market rates .but the effort to stabilize the program means changing rules that have guided development in flood plains for decades. some property owners, including business owners and those who bought property after july, 2012, are shocked to be facing potential tenfold premium increases or, in some cases, significant losses to the value of their homes. property owners in the northeast first confronted the changes as they contemplated rebuilding in the wake of hurricane sandy last year. but owners of flood-prone properties elsewhere are just tuning in to the changes, with many still unclear how they will be affected.""the homeowners and business owners simply cannot withstand these gargantuan hikes,"" said senator bill nelson, a florida democrat and member of the bipartisan group of lawmakers pushing a bill to delay the increase. ""there is a lot of panic about this.""still, in recent years, costly flooding disasters, including hurricane sandy, have left the program $25 billion in debt, a situation that will most likely worsen because of climate change and coastal overdevelopment. and almost everyone involved agrees that the issue is not whether to change the program, but how to soften the impact on those hit hardest by the cost increases .""the flood insurance program is one big storm away from not existing at all,"" said steve ellis, the vice president of taxpayers for common sense, a nonprofit group that has long pushed for changes in the program. the group has suggested some measures to help those affected by the new law but insists that delays would only make problems worse. ""there's a lot of talk about fairness,"" mr. ellis said, ""but i would argue that it's not necessarily fair that some people are paying full risk-based rates and other people aren't.""the alarm over the new law spreads beyond those losing subsidies to even those who intentionally built outside of high-risk flood zones and are currently paying nonsubsidized but relatively low premiums . in the past, if flood maps were redrawn and a property's risk profile changed, the old rate was ""grandfathered"" in. the new law ends that practice beginning late next year. so when the federal emergency management agency recently presented revised maps for south louisiana, the reaction was alarm.""my whole investment premise was destroyed overnight,"" said scott morse, who, despite being the president of a local home builders association, did not know about the changes until after he bought a new house in january.",business,0.755121868772082,0.755121868772082,0.2447707432632427,0.00010738796467535473
3536,politics,"congress now has an array of legislative options to prevent the interest rate on student loans from doubling to.8 percent on july, as scheduled.with student loans topping.1 trillion — and held by one in five american households — many families are questioning why students should pay so much when market interest rates are so low.on thursday, representative john kline, a minnesota republican who is chairman of the house committee on education and the workforce, introduced legislation that would provide a long-term solution, tying interest rates to the government's cost of borrowing, as the obama administration proposed in its budget.""i think a lot of people are going to go for it,"" mr. kline said. ""i talked to secretary duncan yesterday,"" he added, referring to education secretary arne duncan, ""and told him that our numbers were a little different, but the approach is the same.""there are other proposals out there, too. in her first stand-alone legislation, senator elizabeth warren, democrat of massachusetts, introduced a bill on wednesday to cut the student loan rate for one year to.75 percent, the rate that big banks get.two other democratic senators and two democratic representatives this week proposed rates based on the 91-day treasury bill, and three republican senators have offered legislation that would set the interest rate at three percentage points above the 10-year treasury rate.there is now widespread acceptance of the idea of moving to market -based rates. under mr. kline's proposal, students would pay the 10-year treasury rate, plus.5 percent, for all stafford loans, with a cap of.5 percent. for parent plus and grad plus loans, the rate would be the treasury rate plus.5 percent, with a.5 percent cap.real divisions remain, though. the administration proposed no cap on interest, leaving students vulnerable to high rates in years to come. but while the white house wants rates fixed for the life of the loan, the kline bill would reset rates each year — and that, too, would leave students vulnerable to high costs if interest rates rise .in a statement thursday afternoon, the president again called for congress to act to prevent the rate from doubling, but did not endorse mr. kline's plan.""while we welcome action by the house on student loans, we have concerns about an approach that both fails to guarantee low rates for students on july 1 and asks too many of them to bear the burden of deficit reduction through unaffordable rates,"" said the statement, from a spokesman, matt lehrich.",business,0.8002598391355658,0.8002598391355658,0.19973966745567343,4.934087607546793e-07
4043,sports,"east canton, ohio — she was a soldier. she had seen combat in the desert. so why was she now standing on a driving range with a golf club in her hands trembling with fear at distant fireworks?she was at clearview golf club with a group of female military veterans for a program called clearview hope. they were here to learn golf together.nobody laughed when she cringed at the faraway pops and booms. nobody questioned her reaction. nobody mentioned post-traumatic stress disorder .they all understood. they were comrades, and they, too, knew fear.that bond of 50 female veterans in clearview hope, which stands for helping our patriots everywhere, drew a little tighter that night. and instinctively, when one stumbled, others picked her up.they had done it on battlefields and on foreign soil, so they could certainly do it on the manicured grass of a golf course in ohio .""our golf program is recreational, but for them, it's also therapeutic,"" said renee powell, who created the program in may 2011 at clearview, a family-owned course she operates with her brother, larry.clearview hope was started as a women's offshoot of the p.g.a. of america's p.g.a. hope program, which has at least a dozen chapters nationwide. that veterans' program sprung from the iowa give initiative, an acronym meaning golf for injured veterans everywhere.but even with numerous programs for veterans, there has been an absence of participation by women who served in the armed forces . women have not connected through traditional veteran networks .according to the united states department of veteran affairs, there are almost.3 million female veterans. in ohio alone, there are an estimated,000.powell, whose father served in world war ii and then built the family's golf course, is a former l.p.g.a. tour player. she had traveled to vietnam on a u.s.o. tour in 1971 to teach golf to soldiers for three weeks, so when the p.g.a. of america called to ask if she would host a free program in ohio for female veterans, she agreed.""i looked at existing programs for veterans, and there was nothing especially for women,"" said powell, a p.g.a. of america member and an honorary member of the l.p.g.a. teaching and club professionals.powell asked one of her students, the army veteran hollis burkes, to help her find female veterans in northeast ohio . she also visited the department of veterans affairs clinic in canton to leave fliers for enrolled female veterans.the fliers announced the new group and invited it to a lunch meeting and free golf clinic at firestone country club . powell offered the veterans five weeks of free golf lessons, supplying clubs and balls at clearview. ""i figured they'd parade us out on memorial day and then forget about us like people usually do,"" said arlinda mitchell, who served in the army reserve for 12 years, part of it in kuwait.nearly 25 women showed up for the group's first clinic. some had not seen one another in 20 years. many were not aware other female veterans lived in the area .""hardly anybody knew each other that first day, but then comradeship kicked in,"" said mindy cooper, a retired army captain . ""it didn't matter if you were white or black, army or air force, truck drivers or communicators.""when the golf lessons began a few weeks later at clearview, 15 women took part. some came as scouts for others, bringing additional veterans with them the next week. and after the sessions ended, the former soldiers were again surprised when powell announced plans for continuing group activities for the rest of the year — and beyond.""this has been about bringing women veterans together to heal,"" said powell.their healing has included sharing their experiences. many of the women report feeling minimized or shunned for their military service . when mitchell returned from operation desert storm in, she endured a bitter divorce and isolated herself. she worked at a hospital from 5 a.m. to:30 p.m., and was rarely seen by her neighbors. but she was proud of the personalized desert storm ohio license plate on her car. once, when a male friend was driving it, a man walked up to him in a parking lot and thanked him for his military service .""my friend said, 'i'm not the veteran; she is,' and he pointed to me,"" mitchell said. ""the man looked at me, turned and walked away.""burkes, whose 26 years of army service included tours in kuwait, iraq and saudi arabia, now works as a police officer for canton. on patrol one day, she said, she was called to help locate a missing juvenile.burkes stood with the child's father, staring at a house where the child was possibly being held. the man, a former marine, wanted to kick down the front door and charge into the house. burkes reminded him they were in ohio, not iraq .""he said, 'what would you know about iraq ?' and i told him i had served there, and he said, 'you were never in iraq,' "" burkes said. ""i totally lost control of myself and called him everything but a child of god.""burkes apologized and went back to looking for the missing child, but she was embarrassed by her reaction and angry at the man's words.""some people diminish you as a woman veteran,"" she said. ""you want to be evaluated for your merits and not devalued because of your gender.""joining clearview hope gave beth whitmore a chance to deal with emotions she had suppressed since service as an air force intelligence officer during the vietnam war .""this group has restored a part of my spirit that has been very badly damaged for a long time,"" said whitmore, who is now a judge . ""i'm so lucky, so grateful that i have been able to put aside the burden of rejection that i have carried for years.""through golf, the veterans have both calmed the panic of ptsd and experienced the joy of helping a vision-impaired member learn to putt.""we also let her drive the golf cart once,"" said barb hickman, the group's president .veterans who are single mothers are invited to bring their children. several members recently pooled money to buy a set of clubs for a child so she could play with her mother, a purple heart recipient.the group has plans for a family picnic in september, and powell says she hopes to create a junior program for the veterans' children. because clearview hope has become a model program for female veterans, the p.g.a. of america plans to support an expansion of similar programs in texas and tennessee .",politics,0.6721768685599072,0.0014948495801831883,0.6721768685599072,0.32632828185990953
9498,business,"washington — initial jobless claims fell to their lowest level last week since the spring of, the labor department said on thursday. or not.the reported figure, which estimated that jobless claims had dropped to,000, about,000 fewer than the week before, seemingly suggested that the economy was finally entering a self-sustaining recovery on the back of a healing job market .the number, however, is unreliable, the government said, skewed by upgrades on two state computer systems that caused those states to underreport claims. the total number of initial jobless claims is almost certainly higher than reported, though nobody knows the scope of the mismeasurement at this point.the data malfunction has called into question the accuracy of a major leading indicator, one scrutinized by investors, economists and policy makers alike. it also shined a light on the imperfect and often outdated systems that states and the federal government use to provide benefits to workers and cull data on the labor market and the broader economy — a situation that some experts warn might become even worse because of the $1 trillion in budget cuts spread over 10 years known as sequestration.the labor department would not confirm which two states had issues or guess as to the scope of the mismeasurement. but nevada confirmed that it had not reported complete claims data to the federal government because of a computer upgrade.""when we get data, we have an obligation to put it out there,"" said jason kuruvilla of the labor department, explaining why the department did not wait rather than release incomplete data. he emphasized that the department did not recommend reading too much into any one week's figure, at any rate.""one week is not a trend,"" he said. mr. kuruvilla said the two states that had misreported data would become more apparent after new state -level jobless claims data were released next week.but some outside experts had scathing words for the labor department, and others described the data problem as not a one-time issue but a symptom of a chronic lack of money for one of the most critical functions of the government .rick mchugh of the national employment law project, a nonprofit group in washington, noted that unemployment insurance programs are partly financed by the federal government but administered by the states .""this is a symptom of a longstanding problem with the unemployment insurance programs,"" mr. mchugh said. ""these are state agencies, but they're funded by federal dollars . and governors don't see them as their agencies. they're orphans.""many state unemployment agencies have struggled to keep up with the demands of their rapidly expanding and changing rolls through the recession and the tepid recovery .sequestration has only made matters worse, as benefit cuts this year for the long-term unemployed required state to retool their systems.nevada has struggled to carry out the across-the- board 5 percent cut to a federally financed program for the long-term jobless. states that put the cut in place partway through the fiscal year, which ends on sept. 30, trimmed many recipients' benefit checks about 11 percent. nevada, which cut its checks only recently, did so by nearly 60 percent.problems with the computer system caused the mixup in reporting, said mae worthey, a public information officer with the nevada government . ""it wasn't a glitch,"" she said. ""it was just implementing a new system.""economists said the reporting problems made it harder for experts and officials to keep track of the economy . that is especially critical now, as the federal reserve prepares for a crucial policy meeting next week."" officials should be completely transparent when they know that bureaucratic issues are distorting their data,"" wrote justin wolfers of the brookings institution . ""such transparency would allow economists to provide simple statistical fixes, making the data more reliable and useful.""",politics,0.660706325036121,0.3392596400676121,0.660706325036121,3.4034896266816514e-05
5957,business,"san francisco — california drillers eager to use hydraulic fracturing to tap the nation's largest oil shale formation will face comprehensive regulation for the first time next year under rules issued this week.the rules take effect on jan . 1, though they will be replaced a year later by permanent regulations that are still being developed but are expected to be similar. in september, gov . jerry brown signed a law that established the outlines for the regulations.the new rules require drillers to alert neighboring landowners at least 30 days before using hydraulic fracturing techniques, known as fracking, and to test their water wells upon request. the drillers must do other groundwater monitoring and also disclose many of the chemicals used. the rules cover the use of acids, which are sometimes used to dissolve rock to access oil .the rules cover many phases of the drilling process, analysts say, though they fall short of what many environmental groups want.""there's definitely a tension in california between environmental groups who would like to see the practice halt, at least until there's a lot more research, and folks who would like to see it continue basically unregulated,"" said emily murray, a los angeles -based partner at the law firm allen matkins, whose clients hold a range of views on fracking.california's approach to fracking, she added, is ""certainly short of banning the practice, but it's a pretty thorough look.""the regulations are being imposed at a time when many states are moving to tighten restrictions on fracking, which is the extraction of oil or natural gas out of underground rocks by the use of a high-pressure mix of water, sand and chemicals . california is already the nation's third-largest oil producing state, but production has recently been flat, unlike surging north dakota and texas .a formation known as the monterey shale that lies beneath bakersfield and other central and southern california areas is believed to hold about two-thirds of the nation's recoverable shale oil, according to an estimate by the federal energy information administration . drillers are eager to tap the oil in the shale, but environmentalists fear that water and air pollution could result, and they are also concerned about the possibility of earthquakes linked to the disposal of fracking fluids.even though fracking has been taking place in california for decades, it has been stymied by the uneven and complex geology of the monterey shale . some say the geological challenges could even thwart major long-term development. california frackers are already subject to standard rules for drillers, like a mandatory review of the design of oil and gas wells. but the rise of fracking, with its special liquid chemical blend, has prompted calls for extra oversight. the rules governing the design of wells, for example, will be enhanced with new testing requirements.catherine reheis-boyd, president of the western states petroleum association, said that california's new rules were more comprehensive than any other state's. ""i think it covers every possible area that one could think of,"" she said. the industry accepts the new regulations, she added.the permanent rules will include more specific groundwater monitoring requirements, and also make it easier for the state to say no to drillers if their paperwork is inadequate.over all, however, ""there won't be a huge change between what they're doing between 2014 and,"" said jason marshall, the chief deputy director of california's department of conservation, which oversees the state's oil and gas regulatory division. the public will have a chance to attend hearings and comment.the rules do not go as far as the state's environmental lobbyists would like. on thursday, more than 100 environmental groups sent a letter to california coastal regulators urging a stop to offshore fracking. with fracking, ""the risks of oil spills, vessel traffic, discharges of toxic waste, and air pollution are substantially increased,"" the groups wrote.on dec. 19, a court in california is scheduled to hear a case brought against state regulators by several environmental groups that want fracking to go through an environmental review process before it is allowed to continue. california plans to complete two major studies by july.essentially, ""they're greenlighting fracking for the next year,"" said will rostov, a staff lawyer for earthjustice in california, which represents the environmental groups in the case . he added, ""they're not doing the environmental analysis that needs to be done.""he said new york had a better approach. fracking in the natural gas -rich marcellus shale is being delayed in new york until the state completes a health and environmental review . ""you need to study it before you allow it,"" mr. rostov said.",politics,0.5673520666240933,0.43261531927220714,0.5673520666240933,3.261410369950466e-05
11327,business,"ottawa — take a walk down an aisle at pro hockey life, an emporium of the canadian national sport here on the capital's southern fringe, and a customer comes away with a decidedly non-canadian feel. almost every pad, mask, stick and skate is made elsewhere — mostly in asia, often by foreign-owned manufacturers .just about the only thing canadian about buying hockey equipment in canada has for years been the tariff on imported goods. now, even that quirk of canadian hockey history is going away.on thursday, the finance minister, jim flaherty, announced that the conservative government would end import tariffs on all sports equipment, except bicycles, on april. the tariffs were as high as 18 percent.usually, changes to tariff policy are more the concern of budget directors and accountants, but this change has become a national obsession, with the focus almost entirely on hockey equipment.even before it was officially announced, the end of the tariff was cast by the conservatives' opponents as more of a political than an economic measure.in the budget, the government said the end to the duties came ""with an expectation that wholesalers, distributors and retailers will pass these savings on to consumers .""but exactly how much the move will save canadian hockey players or, more likely, their parents is unclear.sitting in the stands of the brewer arena, a community rink in ottawa, while his 11-year-old son's team practiced for a tournament, brendan mccoy said that the tariff change would not improve his family's fortunes.""the big cost is the ice time,"" mr. mccoy said, noting that much of his son's gear was bought secondhand. ""equipment, at most, is a couple of hundred dollars every couple of years. if the government thinks it's going to get my vote with this, it's seriously mistaken.""what was clear on thursday is that the announcement highlighted what had become a quiet source of embarrassment to the many devotees of canada's game, or as some see it, canada's national religion: that very little hockey gear is produced here.the aisles at pro hockey life provided many examples: a wall of gloves made in china for reebok (a unit of germany's adidas) and in vietnam for c.c.m. (another adidas operation ) faces off against gloves from china bearing the logos of bauer ( canada -based but run from new hampshire) and easton (owned by easton bell sports of van nuys, calif.). there were also imports from the philippines sold by sher-wood (privately and canadian-owned.a selection of skates sprawled across the back of the store . but the only canadian-made models were priced from $500 to $600 a pair and came from graf, a skate maker whose headquarters are in switzerland.""about 90 to 95 percent of hockey equipment is made in asia,"" said richard desjardins, the product manager at sher-wood, which is based in sherbrooke, quebec. ""everybody knows it. made in canada might have been important 10 years ago . but now it's all about how much you pay.""sher-wood ended production of protective equipment over 10 years ago and outsourced its entire production of sticks, its signature product, two years ago to china and ukraine. mr. desjardins said that it only added maple leaves or the slogan ""designed in canada "" to products sold in europe, the last place where a canadian connection still had marketing power .the government's decision to eliminate tariffs that were protecting a largely nonexistent industry seems to have more to do with online shopping and the rise of the canadian dollar to parity with its american counterpart.for example, many of the skates at pro hockey life priced from $500 to, a surprisingly large category, are available from american online retailers at prices that are at least $100 lower because of low tariffs in the united states .""we appreciate that there's a pricing differential between canada and the united states,"" said kevin m. davis, the president and chief executive of bauer performance sports. he added that his company was likely to reduce its wholesale prices, but that ""we can't control what happens with retail pricing .""bauer, which was once owned by nike, and reebok-c.c.m. hockey are by far the dominant equipment makers in the canadian hockey market . at both companies, canadian production is now limited to relatively small numbers of custom-made skates for professional players and affluent amateurs. similarly, a handful of small producers, like the goalie pad maker vaughn, serve the high end of the market .as for why it took canada so long to adjust its tariffs to reflect the changes in the hockey equipment business, mr. desjardins was uncertain.""it's been in the tariff code for a long time,"" he said. ""maybe they just overlooked it.""all is not lost for the canadian hockey equipment industry: the humble puck, with its.6 ounces or so of vulcanized rubber, is still produced at home.",sports,0.5282702736104739,0.47171567601738273,1.4050372143400683e-05,0.5282702736104739
2716,politics,"the latest new york times / cbs news poll is based on telephone interviews conducted jan. 11 through jan. 15 with,110 adults throughout the united states .the sample of land-line telephone exchanges called was randomly selected by a computer from a complete list of more than,000 active residential exchanges across the country. the exchanges were chosen so as to ensure that each region of the country was represented in proportion to its share of all telephone numbers .within each exchange, random digits were added to form a complete telephone number, thus permitting access to listed and unlisted numbers alike. within each household, one adult was designated by a random procedure to be the respondent for the survey.to increase coverage, this land-line sample was supplemented by respondents reached through random dialing of cellphone numbers . the two samples were then combined and adjusted to assure the proper ratio of land-line-only, cellphone -only and dual phone users .interviewers made multiple attempts to reach every phone number in the survey, calling back unanswered numbers on different days at different times of both day and evening.the combined results have been weighted to adjust for variation in the sample relating to geographic region, sex, race, hispanic origin, marital status, age, education and number of adults in the household. respondents in the land-line sample were also weighted to take account of the number of telephone lines into the residence.in theory, in 19 cases out of, overall results based on such samples will differ by no more than three percentage points in either direction from what would have been obtained by seeking to interview all american adults . for smaller subgroups, the margin of sampling error is larger. for the 504 respondents in gun-owning households it is plus or minus four points. shifts in results between polls over time also have a larger sampling error.in addition to sampling error, the practical difficulties of conducting any survey of public opinion may introduce other sources of error into the poll . variation in the wording and order of questions, for example, may lead to somewhat different results.michael r. kagay of princeton, n.j., assisted the times in its polling analysis. complete questions and results are available at nytimes.com/ polls .",business,0.5447080869714103,0.5447080869714103,0.4405054153613127,0.014786497667276998
11064,sports,"london — boston celtics basketball owner wyc grousbeck and his business partners have invested millions of dollars in the formula e electric car racing series that will start next year, its organizers said on friday.grousbeck is making the investment through causeway media partners, a fund he set up in may and which has been backed by a number of nfl and nba team owners. financial details were not disclosed but media reports said they were injecting $21 million into the project.""we believe formula e is a great evolutionary step in motorsport and a way to entertain millions around the world while driving the development of the best possible electric vehicles,"" grousbeck said in a statement.formula e will stage its first race in beijing next september and is planning a series of city centre races using battery-powered vehicles capable of speeds of 220 kph.about $100 million to develop the format. grousbeck will join the board of formula e as part of the agreement.",business,0.5003353928343999,0.5003353928343999,1.1107400592750402e-08,0.4996645960581996
3132,sports,"notre dame linebacker manti te'o admitted to katie couric that he answered questions about his ""dead"" online girlfriend even after he received a call on dec. 6 from a woman posing as the fake person.te'o also maintained he played no part in the hoax.pressed by couric to admit that he was in on the deception, te'o said he was convinced the woman he knew as lennay kekua died in september. te'o claims he never met kekua in person but developed a relationship with her through phone calls and electronic messages.""katie, put yourself in my situation,"" te'o said in an interview to air thursday on couric's syndicated talk show. ""i, my whole world told me that she died on sept. 12. everybody knew that. this girl, who i committed myself to, died on sept. 12.""""now i get a phone call on dec. 6, saying that she's alive and then i'm going be put on national tv two days later"" te'o said. ""and to ask me about the same question. you know, what would you do?""a segment of the interview with te'o and his parents was broadcast on wednesday on abc's "" good morning america .""te'o made at least three references to his girlfriend in news media interviews after dec. 6.te'o's father defended his son when couric pointed out that many people do not believe him, suspecting he used the situation for personal gain .""people can speculate about what they think he is,"" brian te'o said with tears in his eyes. ""i've known him 21 years of his life. and he's not a liar. he's a kid.""on tuesday, the woman whose photo was used on the twitter account of te'o's supposed girlfriend said the man allegedly behind the hoax confessed and apologized to her.the woman, diane o'meara, told nbc's ""today"" show that the supposed hoaxer, ronaiah tuiasosopo, used pictures of her without her knowledge in creating a fake woman called lennay kekua.te'o told espn last week that tuiasosopo had contacted him to apologize for the hoax soon after deadpsin.com broke the news with a long report. te'o told espn that not until tuiasosopo confessed did he finally, fully realize kekua did not exist.tuiasosopo has not commented on the scheme .the top f.b.i. agent in northern indiana said the authorities do not believe a crime was committed, so there is no investigation.""i don't think there was any financial harm to mr. te'o,"" said robert ramsey, the federal bureau of investigation's supervisory special agent for northern indiana . ""there was no federal violation regarding the internet hoax perpetrated against mr. te'o.""if there had been a crime, ramsey said, it would fall under federal jurisdiction.",politics,0.9370160076796231,0.01527109480668239,0.9370160076796231,0.047712897513694466
